[{"model": "admin.logentry", "pk": 1, "fields": {"action_time": "2021-09-17T05:58:57.700Z", "user": 1, "content_type": 17, "object_id": "1", "object_repr": "Venkatesh", "action_flag": 1, "change_message": "[{\"added\": {}}]"}}, {"model": "admin.logentry", "pk": 2, "fields": {"action_time": "2021-09-17T05:59:59.714Z", "user": 1, "content_type": 17, "object_id": "1", "object_repr": "Venkatesh", "action_flag": 2, "change_message": "[{\"changed\": {\"fields\": [\"Awards\"]}}]"}}, {"model": "admin.logentry", "pk": 3, "fields": {"action_time": "2021-09-17T06:01:45.158Z", "user": 1, "content_type": 16, "object_id": "1", "object_repr": "Srikanth", "action_flag": 1, "change_message": "[{\"added\": {}}]"}}, {"model": "admin.logentry", "pk": 4, "fields": {"action_time": "2021-09-17T06:03:55.355Z", "user": 1, "content_type": 12, "object_id": "1", "object_repr": "Mani Sharma", "action_flag": 1, "change_message": "[{\"added\": {}}]"}}, {"model": "admin.logentry", "pk": 5, "fields": {"action_time": "2021-09-17T06:04:37.157Z", "user": 1, "content_type": 13, "object_id": "1", "object_repr": "Suresh Productions", "action_flag": 1, "change_message": "[{\"added\": {}}]"}}, {"model": "admin.logentry", "pk": 6, "fields": {"action_time": "2021-09-17T06:10:01.932Z", "user": 1, "content_type": 10, "object_id": "1", "object_repr": "Suresh Babu", "action_flag": 1, "change_message": "[{\"added\": {}}]"}}, {"model": "admin.logentry", "pk": 7, "fields": {"action_time": "2021-09-17T06:10:10.870Z", "user": 1, "content_type": 7, "object_id": "1", "object_repr": "India", "action_flag": 1, "change_message": "[{\"added\": {}}]"}}, {"model": "admin.logentry", "pk": 8, "fields": {"action_time": "2021-09-17T06:10:19.255Z", "user": 1, "content_type": 9, "object_id": "1", "object_repr": "Tollywood", "action_flag": 1, "change_message": "[{\"added\": {}}]"}}, {"model": "admin.logentry", "pk": 9, "fields": {"action_time": "2021-09-17T06:10:27.460Z", "user": 1, "content_type": 18, "object_id": "1", "object_repr": "Telugu", "action_flag": 1, "change_message": "[{\"added\": {}}]"}}, {"model": "admin.logentry", "pk": 10, "fields": {"action_time": "2021-09-17T06:10:43.974Z", "user": 1, "content_type": 14, "object_id": "1", "object_repr": "Action", "action_flag": 1, "change_message": "[{\"added\": {}}]"}}, {"model": "admin.logentry", "pk": 11, "fields": {"action_time": "2021-09-17T06:10:49.339Z", "user": 1, "content_type": 14, "object_id": "2", "object_repr": "Drama", "action_flag": 1, "change_message": "[{\"added\": {}}]"}}, {"model": "admin.logentry", "pk": 12, "fields": {"action_time": "2021-09-17T06:12:11.642Z", "user": 1, "content_type": 8, "object_id": "1", "object_repr": "U/A", "action_flag": 1, "change_message": "[{\"added\": {}}]"}}, {"model": "admin.logentry", "pk": 13, "fields": {"action_time": "2021-09-17T06:12:59.780Z", "user": 1, "content_type": 19, "object_id": "1", "object_repr": "Narappa", "action_flag": 1, "change_message": "[{\"added\": {}}]"}}, {"model": "admin.logentry", "pk": 14, "fields": {"action_time": "2021-09-17T06:15:11.369Z", "user": 1, "content_type": 17, "object_id": "2", "object_repr": "Pawan Kalyan", "action_flag": 1, "change_message": "[{\"added\": {}}]"}}, {"model": "admin.logentry", "pk": 15, "fields": {"action_time": "2021-09-17T06:16:03.968Z", "user": 1, "content_type": 16, "object_id": "2", "object_repr": "Venu Sriram", "action_flag": 1, "change_message": "[{\"added\": {}}]"}}, {"model": "admin.logentry", "pk": 16, "fields": {"action_time": "2021-09-17T06:16:43.981Z", "user": 1, "content_type": 10, "object_id": "2", "object_repr": "Dil Raju", "action_flag": 1, "change_message": "[{\"added\": {}}]"}}, {"model": "admin.logentry", "pk": 17, "fields": {"action_time": "2021-09-17T06:18:04.572Z", "user": 1, "content_type": 12, "object_id": "2", "object_repr": "S S Thaman", "action_flag": 1, "change_message": "[{\"added\": {}}]"}}, {"model": "admin.logentry", "pk": 18, "fields": {"action_time": "2021-09-17T06:19:33.835Z", "user": 1, "content_type": 13, "object_id": "2", "object_repr": "Sri Venkateswara Creations", "action_flag": 1, "change_message": "[{\"added\": {}}]"}}, {"model": "admin.logentry", "pk": 19, "fields": {"action_time": "2021-09-17T06:21:18.058Z", "user": 1, "content_type": 19, "object_id": "2", "object_repr": "Vakeel Saab", "action_flag": 1, "change_message": "[{\"added\": {}}]"}}, {"model": "admin.logentry", "pk": 20, "fields": {"action_time": "2021-09-17T06:44:38.419Z", "user": 1, "content_type": 17, "object_id": "2", "object_repr": "Pawan Kalyan", "action_flag": 2, "change_message": "[{\"changed\": {\"fields\": [\"Upload\"]}}]"}}, {"model": "admin.logentry", "pk": 21, "fields": {"action_time": "2021-09-17T06:48:05.492Z", "user": 1, "content_type": 19, "object_id": "2", "object_repr": "Vakeel Saab", "action_flag": 2, "change_message": "[{\"changed\": {\"fields\": [\"Upload\"]}}]"}}, {"model": "admin.logentry", "pk": 22, "fields": {"action_time": "2021-09-17T08:09:05.597Z", "user": 1, "content_type": 15, "object_id": "1", "object_repr": "Sid Sriram", "action_flag": 1, "change_message": "[{\"added\": {}}]"}}, {"model": "admin.logentry", "pk": 23, "fields": {"action_time": "2021-09-17T08:09:47.803Z", "user": 1, "content_type": 11, "object_id": "1", "object_repr": "Maguva Maguva", "action_flag": 1, "change_message": "[{\"added\": {}}]"}}, {"model": "admin.logentry", "pk": 24, "fields": {"action_time": "2021-09-17T08:12:43.977Z", "user": 1, "content_type": 11, "object_id": "1", "object_repr": "Maguva Maguva", "action_flag": 2, "change_message": "[{\"changed\": {\"fields\": [\"Upload\"]}}]"}}, {"model": "admin.logentry", "pk": 25, "fields": {"action_time": "2021-09-17T08:49:54.565Z", "user": 1, "content_type": 15, "object_id": "2", "object_repr": "Anurag", "action_flag": 1, "change_message": "[{\"added\": {}}]"}}, {"model": "admin.logentry", "pk": 26, "fields": {"action_time": "2021-09-17T08:50:43.658Z", "user": 1, "content_type": 11, "object_id": "2", "object_repr": "Ooru Natta", "action_flag": 1, "change_message": "[{\"added\": {}}]"}}, {"model": "admin.logentry", "pk": 27, "fields": {"action_time": "2021-09-17T13:53:25.179Z", "user": 1, "content_type": 11, "object_id": "3", "object_repr": "abc", "action_flag": 1, "change_message": "[{\"added\": {}}]"}}, {"model": "admin.logentry", "pk": 28, "fields": {"action_time": "2021-09-17T13:53:38.831Z", "user": 1, "content_type": 11, "object_id": "4", "object_repr": "xyz", "action_flag": 1, "change_message": "[{\"added\": {}}]"}}, {"model": "admin.logentry", "pk": 29, "fields": {"action_time": "2021-09-17T14:09:46.834Z", "user": 1, "content_type": 15, "object_id": "3", "object_repr": "asdf", "action_flag": 1, "change_message": "[{\"added\": {}}]"}}, {"model": "admin.logentry", "pk": 30, "fields": {"action_time": "2021-09-17T14:09:54.808Z", "user": 1, "content_type": 15, "object_id": "4", "object_repr": "qwerty", "action_flag": 1, "change_message": "[{\"added\": {}}]"}}, {"model": "admin.logentry", "pk": 31, "fields": {"action_time": "2021-09-17T14:10:02.263Z", "user": 1, "content_type": 15, "object_id": "5", "object_repr": "kjhg", "action_flag": 1, "change_message": "[{\"added\": {}}]"}}, {"model": "admin.logentry", "pk": 32, "fields": {"action_time": "2021-09-17T14:10:09.354Z", "user": 1, "content_type": 15, "object_id": "6", "object_repr": "oioiu", "action_flag": 1, "change_message": "[{\"added\": {}}]"}}, {"model": "admin.logentry", "pk": 33, "fields": {"action_time": "2021-09-17T14:39:11.166Z", "user": 1, "content_type": 18, "object_id": "2", "object_repr": "Hindi", "action_flag": 1, "change_message": "[{\"added\": {}}]"}}, {"model": "admin.logentry", "pk": 34, "fields": {"action_time": "2021-09-17T14:39:15.980Z", "user": 1, "content_type": 18, "object_id": "3", "object_repr": "Kannada", "action_flag": 1, "change_message": "[{\"added\": {}}]"}}, {"model": "admin.logentry", "pk": 35, "fields": {"action_time": "2021-09-17T14:39:20.546Z", "user": 1, "content_type": 18, "object_id": "4", "object_repr": "Tamil", "action_flag": 1, "change_message": "[{\"added\": {}}]"}}, {"model": "admin.logentry", "pk": 36, "fields": {"action_time": "2021-09-17T14:39:27.000Z", "user": 1, "content_type": 18, "object_id": "5", "object_repr": "Malayalam", "action_flag": 1, "change_message": "[{\"added\": {}}]"}}, {"model": "admin.logentry", "pk": 37, "fields": {"action_time": "2021-09-17T14:39:34.122Z", "user": 1, "content_type": 18, "object_id": "6", "object_repr": "English", "action_flag": 1, "change_message": "[{\"added\": {}}]"}}, {"model": "admin.logentry", "pk": 38, "fields": {"action_time": "2021-09-21T10:13:39.218Z", "user": 1, "content_type": 17, "object_id": "3", "object_repr": "Nithiin", "action_flag": 1, "change_message": "[{\"added\": {}}]"}}, {"model": "admin.logentry", "pk": 39, "fields": {"action_time": "2021-09-21T10:14:47.250Z", "user": 1, "content_type": 16, "object_id": "3", "object_repr": "Gandhi", "action_flag": 1, "change_message": "[{\"added\": {}}]"}}, {"model": "admin.logentry", "pk": 40, "fields": {"action_time": "2021-09-21T10:15:22.361Z", "user": 1, "content_type": 12, "object_id": "3", "object_repr": "Sudhakar", "action_flag": 1, "change_message": "[{\"added\": {}}]"}}, {"model": "admin.logentry", "pk": 41, "fields": {"action_time": "2021-09-21T10:15:59.390Z", "user": 1, "content_type": 10, "object_id": "3", "object_repr": "Sudhakar", "action_flag": 1, "change_message": "[{\"added\": {}}]"}}, {"model": "admin.logentry", "pk": 42, "fields": {"action_time": "2021-09-21T10:19:09.813Z", "user": 1, "content_type": 12, "object_id": "4", "object_repr": "Mahati Swara Sagar", "action_flag": 1, "change_message": "[{\"added\": {}}]"}}, {"model": "admin.logentry", "pk": 43, "fields": {"action_time": "2021-09-21T10:19:27.185Z", "user": 1, "content_type": 13, "object_id": "3", "object_repr": "Shresht Movies", "action_flag": 1, "change_message": "[{\"added\": {}}]"}}, {"model": "admin.logentry", "pk": 44, "fields": {"action_time": "2021-09-21T10:19:41.055Z", "user": 1, "content_type": 19, "object_id": "3", "object_repr": "Maestro", "action_flag": 1, "change_message": "[{\"added\": {}}]"}}, {"model": "admin.logentry", "pk": 45, "fields": {"action_time": "2021-09-21T10:21:48.378Z", "user": 1, "content_type": 11, "object_id": "4", "object_repr": "xyz", "action_flag": 3, "change_message": ""}}, {"model": "admin.logentry", "pk": 46, "fields": {"action_time": "2021-09-21T10:21:48.392Z", "user": 1, "content_type": 11, "object_id": "3", "object_repr": "abc", "action_flag": 3, "change_message": ""}}, {"model": "admin.logentry", "pk": 47, "fields": {"action_time": "2021-09-21T10:23:43.216Z", "user": 1, "content_type": 15, "object_id": "7", "object_repr": "Sweekar Agasthi", "action_flag": 1, "change_message": "[{\"added\": {}}]"}}, {"model": "admin.logentry", "pk": 48, "fields": {"action_time": "2021-09-21T10:24:22.178Z", "user": 1, "content_type": 11, "object_id": "5", "object_repr": "Vennello Aadapilla", "action_flag": 1, "change_message": "[{\"added\": {}}]"}}, {"model": "admin.logentry", "pk": 49, "fields": {"action_time": "2021-09-21T10:26:17.969Z", "user": 1, "content_type": 15, "object_id": "8", "object_repr": "Anand Aravindakshan", "action_flag": 1, "change_message": "[{\"added\": {}}]"}}, {"model": "admin.logentry", "pk": 50, "fields": {"action_time": "2021-09-21T10:26:23.737Z", "user": 1, "content_type": 11, "object_id": "6", "object_repr": "Kanabadava Kanabadava", "action_flag": 1, "change_message": "[{\"added\": {}}]"}}, {"model": "admin.logentry", "pk": 51, "fields": {"action_time": "2021-09-21T10:26:47.965Z", "user": 1, "content_type": 11, "object_id": "6", "object_repr": "Kanabadava Kanabadava", "action_flag": 2, "change_message": "[{\"changed\": {\"fields\": [\"Lyrics\"]}}]"}}, {"model": "admin.logentry", "pk": 52, "fields": {"action_time": "2021-09-21T10:38:08.876Z", "user": 1, "content_type": 12, "object_id": "3", "object_repr": "Sudhakar", "action_flag": 3, "change_message": ""}}, {"model": "admin.logentry", "pk": 53, "fields": {"action_time": "2021-09-21T10:45:15.734Z", "user": 1, "content_type": 15, "object_id": "6", "object_repr": "oioiu", "action_flag": 3, "change_message": ""}}, {"model": "admin.logentry", "pk": 54, "fields": {"action_time": "2021-09-21T10:45:15.750Z", "user": 1, "content_type": 15, "object_id": "5", "object_repr": "kjhg", "action_flag": 3, "change_message": ""}}, {"model": "admin.logentry", "pk": 55, "fields": {"action_time": "2021-09-21T10:45:15.815Z", "user": 1, "content_type": 15, "object_id": "4", "object_repr": "qwerty", "action_flag": 3, "change_message": ""}}, {"model": "admin.logentry", "pk": 56, "fields": {"action_time": "2021-09-21T10:45:15.831Z", "user": 1, "content_type": 15, "object_id": "3", "object_repr": "asdf", "action_flag": 3, "change_message": ""}}, {"model": "admin.logentry", "pk": 57, "fields": {"action_time": "2021-09-21T10:45:37.356Z", "user": 1, "content_type": 15, "object_id": "2", "object_repr": "Anurag Kulkarni", "action_flag": 2, "change_message": "[{\"changed\": {\"fields\": [\"FirstName\"]}}]"}}, {"model": "admin.logentry", "pk": 58, "fields": {"action_time": "2021-09-21T10:47:54.764Z", "user": 1, "content_type": 15, "object_id": "9", "object_repr": "Revanth", "action_flag": 1, "change_message": "[{\"added\": {}}]"}}, {"model": "admin.logentry", "pk": 59, "fields": {"action_time": "2021-09-21T10:49:39.117Z", "user": 1, "content_type": 11, "object_id": "7", "object_repr": "Shuru Karo", "action_flag": 1, "change_message": "[{\"added\": {}}]"}}, {"model": "admin.logentry", "pk": 60, "fields": {"action_time": "2021-09-21T10:51:13.889Z", "user": 1, "content_type": 17, "object_id": "4", "object_repr": "Vishwak Sen", "action_flag": 1, "change_message": "[{\"added\": {}}]"}}, {"model": "admin.logentry", "pk": 61, "fields": {"action_time": "2021-09-21T10:51:33.383Z", "user": 1, "content_type": 16, "object_id": "4", "object_repr": "Naresh Kuppili", "action_flag": 1, "change_message": "[{\"added\": {}}]"}}, {"model": "admin.logentry", "pk": 62, "fields": {"action_time": "2021-09-21T10:52:13.094Z", "user": 1, "content_type": 12, "object_id": "5", "object_repr": "Radhan", "action_flag": 1, "change_message": "[{\"added\": {}}]"}}, {"model": "admin.logentry", "pk": 63, "fields": {"action_time": "2021-09-21T10:52:54.788Z", "user": 1, "content_type": 10, "object_id": "4", "object_repr": "Bekkem Venugopal", "action_flag": 1, "change_message": "[{\"added\": {}}]"}}, {"model": "admin.logentry", "pk": 64, "fields": {"action_time": "2021-09-21T10:54:08.936Z", "user": 1, "content_type": 14, "object_id": "3", "object_repr": "Romance", "action_flag": 1, "change_message": "[{\"added\": {}}]"}}, {"model": "admin.logentry", "pk": 65, "fields": {"action_time": "2021-09-21T10:54:39.168Z", "user": 1, "content_type": 19, "object_id": "4", "object_repr": "Paagal", "action_flag": 1, "change_message": "[{\"added\": {}}]"}}, {"model": "admin.logentry", "pk": 66, "fields": {"action_time": "2021-09-21T10:56:18.403Z", "user": 1, "content_type": 11, "object_id": "6", "object_repr": "Kanabadava Kanabadava", "action_flag": 2, "change_message": "[{\"changed\": {\"fields\": [\"MovieDirector\", \"MusicDirector\", \"MusicLabel\"]}}]"}}, {"model": "admin.logentry", "pk": 67, "fields": {"action_time": "2021-09-21T10:57:15.410Z", "user": 1, "content_type": 15, "object_id": "10", "object_repr": "Dhanunjay", "action_flag": 1, "change_message": "[{\"added\": {}}]"}}, {"model": "admin.logentry", "pk": 68, "fields": {"action_time": "2021-09-21T10:57:51.696Z", "user": 1, "content_type": 11, "object_id": "8", "object_repr": "Lalala", "action_flag": 1, "change_message": "[{\"added\": {}}]"}}, {"model": "admin.logentry", "pk": 69, "fields": {"action_time": "2021-09-21T10:58:57.853Z", "user": 1, "content_type": 11, "object_id": "9", "object_repr": "Baby Oh Baby Song", "action_flag": 1, "change_message": "[{\"added\": {}}]"}}, {"model": "admin.logentry", "pk": 70, "fields": {"action_time": "2021-09-21T11:00:26.664Z", "user": 1, "content_type": 11, "object_id": "5", "object_repr": "Vennello Aadapilla", "action_flag": 2, "change_message": "[{\"changed\": {\"fields\": [\"MusicLabel\"]}}]"}}, {"model": "admin.logentry", "pk": 71, "fields": {"action_time": "2021-09-21T11:03:29.004Z", "user": 1, "content_type": 11, "object_id": "9", "object_repr": "Baby Oh Baby", "action_flag": 2, "change_message": "[{\"changed\": {\"fields\": [\"SongName\"]}}]"}}, {"model": "admin.logentry", "pk": 72, "fields": {"action_time": "2021-09-25T10:31:36.905Z", "user": 1, "content_type": 12, "object_id": "6", "object_repr": "Gopi Sundar", "action_flag": 1, "change_message": "[{\"added\": {}}]"}}, {"model": "admin.logentry", "pk": 73, "fields": {"action_time": "2021-09-25T10:32:00.385Z", "user": 1, "content_type": 16, "object_id": "5", "object_repr": "Bhaskar", "action_flag": 1, "change_message": "[{\"added\": {}}]"}}, {"model": "admin.logentry", "pk": 74, "fields": {"action_time": "2021-09-25T10:33:15.559Z", "user": 1, "content_type": 17, "object_id": "5", "object_repr": "Akhil", "action_flag": 1, "change_message": "[{\"added\": {}}]"}}, {"model": "admin.logentry", "pk": 75, "fields": {"action_time": "2021-09-25T10:34:19.204Z", "user": 1, "content_type": 13, "object_id": "4", "object_repr": "GA2 Pictures", "action_flag": 1, "change_message": "[{\"added\": {}}]"}}, {"model": "admin.logentry", "pk": 76, "fields": {"action_time": "2021-09-25T10:34:32.873Z", "user": 1, "content_type": 10, "object_id": "5", "object_repr": "Bunny Vas", "action_flag": 1, "change_message": "[{\"added\": {}}]"}}, {"model": "admin.logentry", "pk": 77, "fields": {"action_time": "2021-09-25T10:35:03.873Z", "user": 1, "content_type": 14, "object_id": "4", "object_repr": "Romantic Comedy", "action_flag": 1, "change_message": "[{\"added\": {}}]"}}, {"model": "admin.logentry", "pk": 78, "fields": {"action_time": "2021-09-25T10:35:24.138Z", "user": 1, "content_type": 19, "object_id": "5", "object_repr": "Most Eligible Bachelor", "action_flag": 1, "change_message": "[{\"added\": {}}]"}}, {"model": "admin.logentry", "pk": 79, "fields": {"action_time": "2021-09-25T10:35:32.444Z", "user": 1, "content_type": 11, "object_id": "10", "object_repr": "Leharaayi", "action_flag": 1, "change_message": "[{\"added\": {}}]"}}, {"model": "admin.logentry", "pk": 80, "fields": {"action_time": "2021-09-25T12:14:00.491Z", "user": 1, "content_type": 11, "object_id": "1", "object_repr": "Maguva Maguva", "action_flag": 2, "change_message": "[{\"changed\": {\"fields\": [\"Actor\"]}}]"}}, {"model": "admin.logentry", "pk": 81, "fields": {"action_time": "2021-09-25T12:14:06.574Z", "user": 1, "content_type": 11, "object_id": "2", "object_repr": "Ooru Natta", "action_flag": 2, "change_message": "[{\"changed\": {\"fields\": [\"Actor\"]}}]"}}, {"model": "admin.logentry", "pk": 82, "fields": {"action_time": "2021-09-25T12:14:12.021Z", "user": 1, "content_type": 11, "object_id": "5", "object_repr": "Vennello Aadapilla", "action_flag": 2, "change_message": "[{\"changed\": {\"fields\": [\"Actor\"]}}]"}}, {"model": "admin.logentry", "pk": 83, "fields": {"action_time": "2021-09-25T12:14:17.929Z", "user": 1, "content_type": 11, "object_id": "6", "object_repr": "Kanabadava Kanabadava", "action_flag": 2, "change_message": "[{\"changed\": {\"fields\": [\"Actor\"]}}]"}}, {"model": "admin.logentry", "pk": 84, "fields": {"action_time": "2021-09-25T12:14:25.664Z", "user": 1, "content_type": 11, "object_id": "7", "object_repr": "Shuru Karo", "action_flag": 2, "change_message": "[{\"changed\": {\"fields\": [\"Actor\"]}}]"}}, {"model": "admin.logentry", "pk": 85, "fields": {"action_time": "2021-09-25T12:14:31.453Z", "user": 1, "content_type": 11, "object_id": "8", "object_repr": "Lalala", "action_flag": 2, "change_message": "[{\"changed\": {\"fields\": [\"Actor\"]}}]"}}, {"model": "admin.logentry", "pk": 86, "fields": {"action_time": "2021-09-25T12:14:36.883Z", "user": 1, "content_type": 11, "object_id": "9", "object_repr": "Baby Oh Baby", "action_flag": 2, "change_message": "[{\"changed\": {\"fields\": [\"Actor\"]}}]"}}, {"model": "admin.logentry", "pk": 87, "fields": {"action_time": "2021-09-25T12:14:42.134Z", "user": 1, "content_type": 11, "object_id": "10", "object_repr": "Leharaayi", "action_flag": 2, "change_message": "[{\"changed\": {\"fields\": [\"Actor\"]}}]"}}, {"model": "admin.logentry", "pk": 88, "fields": {"action_time": "2021-09-26T07:33:46.519Z", "user": 1, "content_type": 11, "object_id": "1", "object_repr": "Maguva Maguva", "action_flag": 2, "change_message": "[{\"changed\": {\"fields\": [\"Language\"]}}]"}}, {"model": "admin.logentry", "pk": 89, "fields": {"action_time": "2021-09-26T07:33:50.599Z", "user": 1, "content_type": 11, "object_id": "2", "object_repr": "Ooru Natta", "action_flag": 2, "change_message": "[{\"changed\": {\"fields\": [\"Language\"]}}]"}}, {"model": "admin.logentry", "pk": 90, "fields": {"action_time": "2021-09-26T07:33:54.506Z", "user": 1, "content_type": 11, "object_id": "5", "object_repr": "Vennello Aadapilla", "action_flag": 2, "change_message": "[{\"changed\": {\"fields\": [\"Language\"]}}]"}}, {"model": "admin.logentry", "pk": 91, "fields": {"action_time": "2021-09-26T07:33:58.498Z", "user": 1, "content_type": 11, "object_id": "6", "object_repr": "Kanabadava Kanabadava", "action_flag": 2, "change_message": "[{\"changed\": {\"fields\": [\"Language\"]}}]"}}, {"model": "admin.logentry", "pk": 92, "fields": {"action_time": "2021-09-26T07:34:02.408Z", "user": 1, "content_type": 11, "object_id": "7", "object_repr": "Shuru Karo", "action_flag": 2, "change_message": "[{\"changed\": {\"fields\": [\"Language\"]}}]"}}, {"model": "admin.logentry", "pk": 93, "fields": {"action_time": "2021-09-26T07:34:06.844Z", "user": 1, "content_type": 11, "object_id": "8", "object_repr": "Lalala", "action_flag": 2, "change_message": "[{\"changed\": {\"fields\": [\"Language\"]}}]"}}, {"model": "admin.logentry", "pk": 94, "fields": {"action_time": "2021-09-26T07:34:10.801Z", "user": 1, "content_type": 11, "object_id": "9", "object_repr": "Baby Oh Baby", "action_flag": 2, "change_message": "[{\"changed\": {\"fields\": [\"Language\"]}}]"}}, {"model": "admin.logentry", "pk": 95, "fields": {"action_time": "2021-09-26T07:34:15.892Z", "user": 1, "content_type": 11, "object_id": "10", "object_repr": "Leharaayi", "action_flag": 2, "change_message": "[{\"changed\": {\"fields\": [\"Language\"]}}]"}}, {"model": "admin.logentry", "pk": 96, "fields": {"action_time": "2021-09-30T07:15:05.411Z", "user": 1, "content_type": 17, "object_id": "6", "object_repr": "Shahid Kapoor", "action_flag": 1, "change_message": "[{\"added\": {}}]"}}, {"model": "admin.logentry", "pk": 97, "fields": {"action_time": "2021-09-30T07:15:35.963Z", "user": 1, "content_type": 16, "object_id": "6", "object_repr": "Sandeep Reddy", "action_flag": 1, "change_message": "[{\"added\": {}}]"}}, {"model": "admin.logentry", "pk": 98, "fields": {"action_time": "2021-09-30T07:16:29.563Z", "user": 1, "content_type": 12, "object_id": "7", "object_repr": "Sachet–Parampara", "action_flag": 1, "change_message": "[{\"added\": {}}]"}}, {"model": "admin.logentry", "pk": 99, "fields": {"action_time": "2021-09-30T07:17:15.681Z", "user": 1, "content_type": 13, "object_id": "5", "object_repr": "Cine1", "action_flag": 1, "change_message": "[{\"added\": {}}]"}}, {"model": "admin.logentry", "pk": 100, "fields": {"action_time": "2021-09-30T07:17:39.649Z", "user": 1, "content_type": 10, "object_id": "6", "object_repr": "Bhushan Kumar", "action_flag": 1, "change_message": "[{\"added\": {}}]"}}, {"model": "admin.logentry", "pk": 101, "fields": {"action_time": "2021-09-30T07:17:59.834Z", "user": 1, "content_type": 9, "object_id": "2", "object_repr": "Bollywood", "action_flag": 1, "change_message": "[{\"added\": {}}]"}}, {"model": "admin.logentry", "pk": 102, "fields": {"action_time": "2021-09-30T07:18:22.800Z", "user": 1, "content_type": 14, "object_id": "5", "object_repr": "Romantic Drama", "action_flag": 1, "change_message": "[{\"added\": {}}]"}}, {"model": "admin.logentry", "pk": 103, "fields": {"action_time": "2021-09-30T07:19:09.351Z", "user": 1, "content_type": 19, "object_id": "6", "object_repr": "Kabir Singh", "action_flag": 1, "change_message": "[{\"added\": {}}]"}}, {"model": "admin.logentry", "pk": 104, "fields": {"action_time": "2021-09-30T07:20:04.193Z", "user": 1, "content_type": 15, "object_id": "11", "object_repr": "Sachet Tandon", "action_flag": 1, "change_message": "[{\"added\": {}}]"}}, {"model": "admin.logentry", "pk": 105, "fields": {"action_time": "2021-09-30T07:22:38.202Z", "user": 1, "content_type": 11, "object_id": "11", "object_repr": "Bekhayali", "action_flag": 1, "change_message": "[{\"added\": {}}]"}}, {"model": "admin.logentry", "pk": 106, "fields": {"action_time": "2021-09-30T07:39:46.773Z", "user": 1, "content_type": 11, "object_id": "6", "object_repr": "Kanabadava Kanabadava", "action_flag": 2, "change_message": "[{\"changed\": {\"fields\": [\"Movie\"]}}]"}}, {"model": "admin.logentry", "pk": 107, "fields": {"action_time": "2021-09-30T12:49:08.065Z", "user": 1, "content_type": 17, "object_id": "6", "object_repr": "Shahid Kapoor", "action_flag": 2, "change_message": "[{\"changed\": {\"fields\": [\"Upload\"]}}]"}}, {"model": "admin.logentry", "pk": 108, "fields": {"action_time": "2021-09-30T12:49:13.960Z", "user": 1, "content_type": 17, "object_id": "5", "object_repr": "Akhil", "action_flag": 2, "change_message": "[{\"changed\": {\"fields\": [\"Upload\"]}}]"}}, {"model": "admin.logentry", "pk": 109, "fields": {"action_time": "2021-09-30T12:49:18.868Z", "user": 1, "content_type": 17, "object_id": "4", "object_repr": "Vishwak Sen", "action_flag": 2, "change_message": "[{\"changed\": {\"fields\": [\"Upload\"]}}]"}}, {"model": "admin.logentry", "pk": 110, "fields": {"action_time": "2021-09-30T12:49:22.551Z", "user": 1, "content_type": 17, "object_id": "5", "object_repr": "Akhil", "action_flag": 2, "change_message": "[]"}}, {"model": "admin.logentry", "pk": 111, "fields": {"action_time": "2021-09-30T12:49:27.965Z", "user": 1, "content_type": 17, "object_id": "3", "object_repr": "Nithiin", "action_flag": 2, "change_message": "[{\"changed\": {\"fields\": [\"Upload\"]}}]"}}, {"model": "admin.logentry", "pk": 112, "fields": {"action_time": "2021-09-30T12:49:33.450Z", "user": 1, "content_type": 17, "object_id": "1", "object_repr": "Venkatesh", "action_flag": 2, "change_message": "[{\"changed\": {\"fields\": [\"Upload\"]}}]"}}, {"model": "admin.logentry", "pk": 113, "fields": {"action_time": "2021-09-30T15:09:03.570Z", "user": 1, "content_type": 8, "object_id": "1", "object_repr": "U/A", "action_flag": 2, "change_message": "[{\"changed\": {\"fields\": [\"Upload\"]}}]"}}, {"model": "admin.logentry", "pk": 114, "fields": {"action_time": "2021-09-30T15:09:14.198Z", "user": 1, "content_type": 8, "object_id": "2", "object_repr": "A", "action_flag": 1, "change_message": "[{\"added\": {}}]"}}, {"model": "admin.logentry", "pk": 115, "fields": {"action_time": "2021-09-30T15:09:23.520Z", "user": 1, "content_type": 8, "object_id": "3", "object_repr": "U", "action_flag": 1, "change_message": "[{\"added\": {}}]"}}, {"model": "admin.logentry", "pk": 116, "fields": {"action_time": "2021-09-30T15:09:31.030Z", "user": 1, "content_type": 7, "object_id": "1", "object_repr": "India", "action_flag": 2, "change_message": "[{\"changed\": {\"fields\": [\"Upload\"]}}]"}}, {"model": "admin.logentry", "pk": 117, "fields": {"action_time": "2021-09-30T15:09:42.643Z", "user": 1, "content_type": 18, "object_id": "6", "object_repr": "English", "action_flag": 2, "change_message": "[{\"changed\": {\"fields\": [\"Upload\"]}}]"}}, {"model": "admin.logentry", "pk": 118, "fields": {"action_time": "2021-09-30T15:09:48.082Z", "user": 1, "content_type": 18, "object_id": "5", "object_repr": "Malayalam", "action_flag": 2, "change_message": "[{\"changed\": {\"fields\": [\"Upload\"]}}]"}}, {"model": "admin.logentry", "pk": 119, "fields": {"action_time": "2021-09-30T15:09:54.424Z", "user": 1, "content_type": 18, "object_id": "4", "object_repr": "Tamil", "action_flag": 2, "change_message": "[{\"changed\": {\"fields\": [\"Upload\"]}}]"}}, {"model": "admin.logentry", "pk": 120, "fields": {"action_time": "2021-09-30T15:10:00.255Z", "user": 1, "content_type": 18, "object_id": "3", "object_repr": "Kannada", "action_flag": 2, "change_message": "[{\"changed\": {\"fields\": [\"Upload\"]}}]"}}, {"model": "admin.logentry", "pk": 121, "fields": {"action_time": "2021-09-30T15:10:06.579Z", "user": 1, "content_type": 18, "object_id": "2", "object_repr": "Hindi", "action_flag": 2, "change_message": "[{\"changed\": {\"fields\": [\"Upload\"]}}]"}}, {"model": "admin.logentry", "pk": 122, "fields": {"action_time": "2021-09-30T15:10:12.586Z", "user": 1, "content_type": 18, "object_id": "1", "object_repr": "Telugu", "action_flag": 2, "change_message": "[{\"changed\": {\"fields\": [\"Upload\"]}}]"}}, {"model": "admin.logentry", "pk": 123, "fields": {"action_time": "2021-09-30T15:10:22.976Z", "user": 1, "content_type": 11, "object_id": "11", "object_repr": "Bekhayali", "action_flag": 2, "change_message": "[{\"changed\": {\"fields\": [\"Upload\"]}}]"}}, {"model": "admin.logentry", "pk": 124, "fields": {"action_time": "2021-09-30T15:10:31.583Z", "user": 1, "content_type": 11, "object_id": "10", "object_repr": "Leharaayi", "action_flag": 2, "change_message": "[{\"changed\": {\"fields\": [\"Upload\"]}}]"}}, {"model": "admin.logentry", "pk": 125, "fields": {"action_time": "2021-09-30T15:10:37.653Z", "user": 1, "content_type": 11, "object_id": "9", "object_repr": "Baby Oh Baby", "action_flag": 2, "change_message": "[{\"changed\": {\"fields\": [\"Upload\"]}}]"}}, {"model": "admin.logentry", "pk": 126, "fields": {"action_time": "2021-09-30T15:10:45.251Z", "user": 1, "content_type": 11, "object_id": "8", "object_repr": "Lalala", "action_flag": 2, "change_message": "[{\"changed\": {\"fields\": [\"Upload\"]}}]"}}, {"model": "admin.logentry", "pk": 127, "fields": {"action_time": "2021-09-30T15:10:53.133Z", "user": 1, "content_type": 11, "object_id": "7", "object_repr": "Shuru Karo", "action_flag": 2, "change_message": "[{\"changed\": {\"fields\": [\"Upload\"]}}]"}}, {"model": "admin.logentry", "pk": 128, "fields": {"action_time": "2021-09-30T15:11:01.127Z", "user": 1, "content_type": 11, "object_id": "6", "object_repr": "Kanabadava Kanabadava", "action_flag": 2, "change_message": "[{\"changed\": {\"fields\": [\"Upload\"]}}]"}}, {"model": "admin.logentry", "pk": 129, "fields": {"action_time": "2021-09-30T15:11:09.108Z", "user": 1, "content_type": 11, "object_id": "5", "object_repr": "Vennello Aadapilla", "action_flag": 2, "change_message": "[{\"changed\": {\"fields\": [\"Upload\"]}}]"}}, {"model": "admin.logentry", "pk": 130, "fields": {"action_time": "2021-09-30T15:11:40.075Z", "user": 1, "content_type": 16, "object_id": "6", "object_repr": "Sandeep Reddy", "action_flag": 2, "change_message": "[{\"changed\": {\"fields\": [\"Upload\"]}}]"}}, {"model": "admin.logentry", "pk": 131, "fields": {"action_time": "2021-09-30T15:11:46.932Z", "user": 1, "content_type": 16, "object_id": "5", "object_repr": "Bhaskar", "action_flag": 2, "change_message": "[{\"changed\": {\"fields\": [\"Upload\"]}}]"}}, {"model": "admin.logentry", "pk": 132, "fields": {"action_time": "2021-09-30T15:11:53.482Z", "user": 1, "content_type": 16, "object_id": "4", "object_repr": "Naresh Kuppili", "action_flag": 2, "change_message": "[{\"changed\": {\"fields\": [\"Upload\"]}}]"}}, {"model": "admin.logentry", "pk": 133, "fields": {"action_time": "2021-09-30T15:12:02.722Z", "user": 1, "content_type": 16, "object_id": "3", "object_repr": "Gandhi", "action_flag": 2, "change_message": "[{\"changed\": {\"fields\": [\"Upload\"]}}]"}}, {"model": "admin.logentry", "pk": 134, "fields": {"action_time": "2021-09-30T15:12:09.976Z", "user": 1, "content_type": 16, "object_id": "2", "object_repr": "Venu Sriram", "action_flag": 2, "change_message": "[{\"changed\": {\"fields\": [\"Upload\"]}}]"}}, {"model": "admin.logentry", "pk": 135, "fields": {"action_time": "2021-09-30T15:12:16.858Z", "user": 1, "content_type": 16, "object_id": "1", "object_repr": "Srikanth", "action_flag": 2, "change_message": "[{\"changed\": {\"fields\": [\"Upload\"]}}]"}}, {"model": "admin.logentry", "pk": 136, "fields": {"action_time": "2021-09-30T15:12:24.620Z", "user": 1, "content_type": 19, "object_id": "4", "object_repr": "Paagal", "action_flag": 2, "change_message": "[{\"changed\": {\"fields\": [\"Upload\"]}}]"}}, {"model": "admin.logentry", "pk": 137, "fields": {"action_time": "2021-09-30T15:12:39.823Z", "user": 1, "content_type": 19, "object_id": "5", "object_repr": "Most Eligible Bachelor", "action_flag": 2, "change_message": "[{\"changed\": {\"fields\": [\"Upload\"]}}]"}}, {"model": "admin.logentry", "pk": 138, "fields": {"action_time": "2021-09-30T15:12:46.835Z", "user": 1, "content_type": 19, "object_id": "3", "object_repr": "Maestro", "action_flag": 2, "change_message": "[{\"changed\": {\"fields\": [\"Upload\"]}}]"}}, {"model": "admin.logentry", "pk": 139, "fields": {"action_time": "2021-09-30T15:12:55.397Z", "user": 1, "content_type": 19, "object_id": "1", "object_repr": "Narappa", "action_flag": 2, "change_message": "[{\"changed\": {\"fields\": [\"Upload\"]}}]"}}, {"model": "admin.logentry", "pk": 140, "fields": {"action_time": "2021-09-30T15:13:24.672Z", "user": 1, "content_type": 12, "object_id": "7", "object_repr": "Sachet–Parampara", "action_flag": 2, "change_message": "[{\"changed\": {\"fields\": [\"Upload\"]}}]"}}, {"model": "admin.logentry", "pk": 141, "fields": {"action_time": "2021-09-30T15:13:30.972Z", "user": 1, "content_type": 12, "object_id": "6", "object_repr": "Gopi Sundar", "action_flag": 2, "change_message": "[{\"changed\": {\"fields\": [\"Upload\"]}}]"}}, {"model": "admin.logentry", "pk": 142, "fields": {"action_time": "2021-09-30T15:13:36.638Z", "user": 1, "content_type": 12, "object_id": "5", "object_repr": "Radhan", "action_flag": 2, "change_message": "[{\"changed\": {\"fields\": [\"Upload\"]}}]"}}, {"model": "admin.logentry", "pk": 143, "fields": {"action_time": "2021-09-30T15:13:42.534Z", "user": 1, "content_type": 12, "object_id": "4", "object_repr": "Mahati Swara Sagar", "action_flag": 2, "change_message": "[{\"changed\": {\"fields\": [\"Upload\"]}}]"}}, {"model": "admin.logentry", "pk": 144, "fields": {"action_time": "2021-09-30T15:13:48.599Z", "user": 1, "content_type": 12, "object_id": "2", "object_repr": "S S Thaman", "action_flag": 2, "change_message": "[{\"changed\": {\"fields\": [\"Upload\"]}}]"}}, {"model": "admin.logentry", "pk": 145, "fields": {"action_time": "2021-09-30T15:13:55.090Z", "user": 1, "content_type": 12, "object_id": "1", "object_repr": "Mani Sharma", "action_flag": 2, "change_message": "[{\"changed\": {\"fields\": [\"Upload\"]}}]"}}, {"model": "admin.logentry", "pk": 146, "fields": {"action_time": "2021-09-30T15:14:04.700Z", "user": 1, "content_type": 10, "object_id": "6", "object_repr": "Bhushan Kumar", "action_flag": 2, "change_message": "[{\"changed\": {\"fields\": [\"Upload\"]}}]"}}, {"model": "admin.logentry", "pk": 147, "fields": {"action_time": "2021-09-30T15:14:11.092Z", "user": 1, "content_type": 10, "object_id": "5", "object_repr": "Bunny Vas", "action_flag": 2, "change_message": "[{\"changed\": {\"fields\": [\"Upload\"]}}]"}}, {"model": "admin.logentry", "pk": 148, "fields": {"action_time": "2021-09-30T15:14:17.187Z", "user": 1, "content_type": 10, "object_id": "4", "object_repr": "Bekkem Venugopal", "action_flag": 2, "change_message": "[{\"changed\": {\"fields\": [\"Upload\"]}}]"}}, {"model": "admin.logentry", "pk": 149, "fields": {"action_time": "2021-09-30T15:14:23.846Z", "user": 1, "content_type": 10, "object_id": "3", "object_repr": "Sudhakar", "action_flag": 2, "change_message": "[{\"changed\": {\"fields\": [\"Upload\"]}}]"}}, {"model": "admin.logentry", "pk": 150, "fields": {"action_time": "2021-09-30T15:14:29.558Z", "user": 1, "content_type": 10, "object_id": "2", "object_repr": "Dil Raju", "action_flag": 2, "change_message": "[{\"changed\": {\"fields\": [\"Upload\"]}}]"}}, {"model": "admin.logentry", "pk": 151, "fields": {"action_time": "2021-09-30T15:14:35.966Z", "user": 1, "content_type": 10, "object_id": "1", "object_repr": "Suresh Babu", "action_flag": 2, "change_message": "[{\"changed\": {\"fields\": [\"Upload\"]}}]"}}, {"model": "admin.logentry", "pk": 152, "fields": {"action_time": "2021-09-30T15:14:44.517Z", "user": 1, "content_type": 15, "object_id": "11", "object_repr": "Sachet Tandon", "action_flag": 2, "change_message": "[{\"changed\": {\"fields\": [\"Upload\"]}}]"}}, {"model": "admin.logentry", "pk": 153, "fields": {"action_time": "2021-09-30T15:14:50.887Z", "user": 1, "content_type": 15, "object_id": "10", "object_repr": "Dhanunjay", "action_flag": 2, "change_message": "[{\"changed\": {\"fields\": [\"Upload\"]}}]"}}, {"model": "admin.logentry", "pk": 154, "fields": {"action_time": "2021-09-30T15:14:57.335Z", "user": 1, "content_type": 15, "object_id": "9", "object_repr": "Revanth", "action_flag": 2, "change_message": "[{\"changed\": {\"fields\": [\"Upload\"]}}]"}}, {"model": "admin.logentry", "pk": 155, "fields": {"action_time": "2021-09-30T15:15:03.512Z", "user": 1, "content_type": 15, "object_id": "8", "object_repr": "Anand Aravindakshan", "action_flag": 2, "change_message": "[{\"changed\": {\"fields\": [\"Upload\"]}}]"}}, {"model": "admin.logentry", "pk": 156, "fields": {"action_time": "2021-09-30T15:15:12.914Z", "user": 1, "content_type": 15, "object_id": "7", "object_repr": "Sweekar Agasthi", "action_flag": 2, "change_message": "[{\"changed\": {\"fields\": [\"Upload\"]}}]"}}, {"model": "admin.logentry", "pk": 157, "fields": {"action_time": "2021-09-30T15:15:29.979Z", "user": 1, "content_type": 13, "object_id": "5", "object_repr": "Cine1", "action_flag": 2, "change_message": "[{\"changed\": {\"fields\": [\"Upload\"]}}]"}}, {"model": "admin.logentry", "pk": 158, "fields": {"action_time": "2021-09-30T15:15:35.655Z", "user": 1, "content_type": 13, "object_id": "4", "object_repr": "GA2 Pictures", "action_flag": 2, "change_message": "[{\"changed\": {\"fields\": [\"Upload\"]}}]"}}, {"model": "admin.logentry", "pk": 159, "fields": {"action_time": "2021-09-30T15:15:41.136Z", "user": 1, "content_type": 13, "object_id": "3", "object_repr": "Shresht Movies", "action_flag": 2, "change_message": "[{\"changed\": {\"fields\": [\"Upload\"]}}]"}}, {"model": "admin.logentry", "pk": 160, "fields": {"action_time": "2021-09-30T15:15:46.682Z", "user": 1, "content_type": 13, "object_id": "2", "object_repr": "Sri Venkateswara Creations", "action_flag": 2, "change_message": "[{\"changed\": {\"fields\": [\"Upload\"]}}]"}}, {"model": "admin.logentry", "pk": 161, "fields": {"action_time": "2021-09-30T15:15:52.933Z", "user": 1, "content_type": 13, "object_id": "1", "object_repr": "Suresh Productions", "action_flag": 2, "change_message": "[{\"changed\": {\"fields\": [\"Upload\"]}}]"}}, {"model": "admin.logentry", "pk": 162, "fields": {"action_time": "2021-09-30T15:16:02.533Z", "user": 1, "content_type": 9, "object_id": "1", "object_repr": "Tollywood", "action_flag": 2, "change_message": "[{\"changed\": {\"fields\": [\"Upload\"]}}]"}}, {"model": "admin.logentry", "pk": 163, "fields": {"action_time": "2021-09-30T15:16:08.639Z", "user": 1, "content_type": 9, "object_id": "2", "object_repr": "Bollywood", "action_flag": 2, "change_message": "[{\"changed\": {\"fields\": [\"Upload\"]}}]"}}, {"model": "admin.logentry", "pk": 164, "fields": {"action_time": "2021-10-01T10:35:07.283Z", "user": 1, "content_type": 22, "object_id": "1", "object_repr": "Kanapadava", "action_flag": 1, "change_message": "[{\"added\": {}}]"}}, {"model": "admin.logentry", "pk": 165, "fields": {"action_time": "2021-10-01T10:45:00.999Z", "user": 1, "content_type": 22, "object_id": "1", "object_repr": "Kanapadava", "action_flag": 3, "change_message": ""}}, {"model": "admin.logentry", "pk": 166, "fields": {"action_time": "2021-10-01T10:45:50.218Z", "user": 1, "content_type": 22, "object_id": "2", "object_repr": "Maguva Maguva", "action_flag": 1, "change_message": "[{\"added\": {}}]"}}, {"model": "admin.logentry", "pk": 167, "fields": {"action_time": "2021-10-01T10:45:53.578Z", "user": 1, "content_type": 11, "object_id": "1", "object_repr": "Maguva Maguva", "action_flag": 2, "change_message": "[{\"changed\": {\"fields\": [\"YouTube\"]}}]"}}, {"model": "admin.logentry", "pk": 168, "fields": {"action_time": "2021-10-01T10:46:41.385Z", "user": 1, "content_type": 22, "object_id": "3", "object_repr": "Bekhayali", "action_flag": 1, "change_message": "[{\"added\": {}}]"}}, {"model": "admin.logentry", "pk": 169, "fields": {"action_time": "2021-10-01T10:46:43.196Z", "user": 1, "content_type": 11, "object_id": "11", "object_repr": "Bekhayali", "action_flag": 2, "change_message": "[{\"changed\": {\"fields\": [\"YouTube\"]}}]"}}, {"model": "admin.logentry", "pk": 170, "fields": {"action_time": "2021-10-01T10:57:06.306Z", "user": 1, "content_type": 22, "object_id": "4", "object_repr": "Vennello Aadapilla", "action_flag": 1, "change_message": "[{\"added\": {}}]"}}, {"model": "admin.logentry", "pk": 171, "fields": {"action_time": "2021-10-01T10:57:08.448Z", "user": 1, "content_type": 11, "object_id": "5", "object_repr": "Vennello Aadapilla", "action_flag": 2, "change_message": "[{\"changed\": {\"fields\": [\"YouTube\"]}}]"}}, {"model": "admin.logentry", "pk": 172, "fields": {"action_time": "2021-10-01T10:58:18.088Z", "user": 1, "content_type": 22, "object_id": "5", "object_repr": "Kanabadava Kanabadava", "action_flag": 1, "change_message": "[{\"added\": {}}]"}}, {"model": "admin.logentry", "pk": 173, "fields": {"action_time": "2021-10-01T10:58:20.722Z", "user": 1, "content_type": 11, "object_id": "6", "object_repr": "Kanabadava Kanabadava", "action_flag": 2, "change_message": "[{\"changed\": {\"fields\": [\"YouTube\"]}}]"}}, {"model": "admin.logentry", "pk": 174, "fields": {"action_time": "2021-10-01T10:58:41.970Z", "user": 1, "content_type": 22, "object_id": "6", "object_repr": "Shuru Karo", "action_flag": 1, "change_message": "[{\"added\": {}}]"}}, {"model": "admin.logentry", "pk": 175, "fields": {"action_time": "2021-10-01T10:58:46.526Z", "user": 1, "content_type": 11, "object_id": "7", "object_repr": "Shuru Karo", "action_flag": 2, "change_message": "[{\"changed\": {\"fields\": [\"YouTube\"]}}]"}}, {"model": "admin.logentry", "pk": 176, "fields": {"action_time": "2021-10-01T10:59:03.663Z", "user": 1, "content_type": 22, "object_id": "7", "object_repr": "Lalala", "action_flag": 1, "change_message": "[{\"added\": {}}]"}}, {"model": "admin.logentry", "pk": 177, "fields": {"action_time": "2021-10-01T10:59:07.616Z", "user": 1, "content_type": 11, "object_id": "8", "object_repr": "Lalala", "action_flag": 2, "change_message": "[{\"changed\": {\"fields\": [\"YouTube\"]}}]"}}, {"model": "admin.logentry", "pk": 178, "fields": {"action_time": "2021-10-01T10:59:25.088Z", "user": 1, "content_type": 22, "object_id": "8", "object_repr": "Baby Oh Baby", "action_flag": 1, "change_message": "[{\"added\": {}}]"}}, {"model": "admin.logentry", "pk": 179, "fields": {"action_time": "2021-10-01T10:59:28.452Z", "user": 1, "content_type": 11, "object_id": "9", "object_repr": "Baby Oh Baby", "action_flag": 2, "change_message": "[{\"changed\": {\"fields\": [\"YouTube\"]}}]"}}, {"model": "admin.logentry", "pk": 180, "fields": {"action_time": "2021-10-01T10:59:54.133Z", "user": 1, "content_type": 22, "object_id": "9", "object_repr": "Leharaayi", "action_flag": 1, "change_message": "[{\"added\": {}}]"}}, {"model": "admin.logentry", "pk": 181, "fields": {"action_time": "2021-10-01T10:59:55.076Z", "user": 1, "content_type": 11, "object_id": "10", "object_repr": "Leharaayi", "action_flag": 2, "change_message": "[{\"changed\": {\"fields\": [\"YouTube\"]}}]"}}, {"model": "admin.logentry", "pk": 182, "fields": {"action_time": "2021-10-01T11:18:18.866Z", "user": 1, "content_type": 22, "object_id": "10", "object_repr": "Vakeel Saab", "action_flag": 1, "change_message": "[{\"added\": {}}]"}}, {"model": "admin.logentry", "pk": 183, "fields": {"action_time": "2021-10-01T11:18:20.904Z", "user": 1, "content_type": 19, "object_id": "2", "object_repr": "Vakeel Saab", "action_flag": 2, "change_message": "[{\"changed\": {\"fields\": [\"YouTube\"]}}]"}}, {"model": "admin.logentry", "pk": 184, "fields": {"action_time": "2021-10-01T11:43:26.974Z", "user": 1, "content_type": 22, "object_id": "11", "object_repr": "Narappa Trailer", "action_flag": 1, "change_message": "[{\"added\": {}}]"}}, {"model": "admin.logentry", "pk": 185, "fields": {"action_time": "2021-10-01T11:43:28.826Z", "user": 1, "content_type": 19, "object_id": "1", "object_repr": "Narappa", "action_flag": 2, "change_message": "[{\"changed\": {\"fields\": [\"YouTube\"]}}]"}}, {"model": "admin.logentry", "pk": 186, "fields": {"action_time": "2021-10-01T11:43:35.015Z", "user": 1, "content_type": 22, "object_id": "10", "object_repr": "Vakeel Saab Trailer", "action_flag": 2, "change_message": "[{\"changed\": {\"fields\": [\"Name\"]}}]"}}, {"model": "admin.logentry", "pk": 187, "fields": {"action_time": "2021-10-01T11:43:36.721Z", "user": 1, "content_type": 19, "object_id": "2", "object_repr": "Vakeel Saab", "action_flag": 2, "change_message": "[]"}}, {"model": "admin.logentry", "pk": 188, "fields": {"action_time": "2021-10-01T11:43:57.764Z", "user": 1, "content_type": 22, "object_id": "12", "object_repr": "Maestro Trailer", "action_flag": 1, "change_message": "[{\"added\": {}}]"}}, {"model": "admin.logentry", "pk": 189, "fields": {"action_time": "2021-10-01T11:43:58.962Z", "user": 1, "content_type": 19, "object_id": "3", "object_repr": "Maestro", "action_flag": 2, "change_message": "[{\"changed\": {\"fields\": [\"YouTube\"]}}]"}}, {"model": "admin.logentry", "pk": 190, "fields": {"action_time": "2021-10-01T11:44:18.751Z", "user": 1, "content_type": 22, "object_id": "13", "object_repr": "Paagal Trailer", "action_flag": 1, "change_message": "[{\"added\": {}}]"}}, {"model": "admin.logentry", "pk": 191, "fields": {"action_time": "2021-10-01T11:44:21.395Z", "user": 1, "content_type": 19, "object_id": "4", "object_repr": "Paagal", "action_flag": 2, "change_message": "[{\"changed\": {\"fields\": [\"YouTube\"]}}]"}}, {"model": "admin.logentry", "pk": 192, "fields": {"action_time": "2021-10-01T11:44:41.536Z", "user": 1, "content_type": 22, "object_id": "14", "object_repr": "Most Eligible Bachelor Trailer", "action_flag": 1, "change_message": "[{\"added\": {}}]"}}, {"model": "admin.logentry", "pk": 193, "fields": {"action_time": "2021-10-01T11:44:44.331Z", "user": 1, "content_type": 19, "object_id": "5", "object_repr": "Most Eligible Bachelor", "action_flag": 2, "change_message": "[{\"changed\": {\"fields\": [\"YouTube\"]}}]"}}, {"model": "admin.logentry", "pk": 194, "fields": {"action_time": "2021-10-01T11:45:11.527Z", "user": 1, "content_type": 22, "object_id": "15", "object_repr": "Kabir Singh Trailer", "action_flag": 1, "change_message": "[{\"added\": {}}]"}}, {"model": "admin.logentry", "pk": 195, "fields": {"action_time": "2021-10-01T11:45:13.889Z", "user": 1, "content_type": 19, "object_id": "6", "object_repr": "Kabir Singh", "action_flag": 2, "change_message": "[{\"changed\": {\"fields\": [\"YouTube\"]}}]"}}, {"model": "admin.logentry", "pk": 196, "fields": {"action_time": "2021-11-16T11:05:27.946Z", "user": 1, "content_type": 23, "object_id": "1", "object_repr": "Logo object (1)", "action_flag": 1, "change_message": "[{\"added\": {}}]"}}, {"model": "admin.logentry", "pk": 197, "fields": {"action_time": "2021-11-16T11:10:32.967Z", "user": 1, "content_type": 11, "object_id": "11", "object_repr": "Bekhayali", "action_flag": 2, "change_message": "[{\"changed\": {\"fields\": [\"Upload\"]}}]"}}, {"model": "admin.logentry", "pk": 198, "fields": {"action_time": "2021-11-16T11:11:08.663Z", "user": 1, "content_type": 11, "object_id": "10", "object_repr": "Leharaayi", "action_flag": 2, "change_message": "[{\"changed\": {\"fields\": [\"Upload\"]}}]"}}, {"model": "admin.logentry", "pk": 199, "fields": {"action_time": "2021-11-16T11:11:58.402Z", "user": 1, "content_type": 11, "object_id": "9", "object_repr": "Baby Oh Baby", "action_flag": 2, "change_message": "[{\"changed\": {\"fields\": [\"Upload\"]}}]"}}, {"model": "admin.logentry", "pk": 200, "fields": {"action_time": "2021-11-16T11:15:04.853Z", "user": 1, "content_type": 11, "object_id": "8", "object_repr": "Lalala", "action_flag": 2, "change_message": "[{\"changed\": {\"fields\": [\"Lyrics\", \"Upload\"]}}]"}}, {"model": "admin.logentry", "pk": 201, "fields": {"action_time": "2021-11-16T11:15:47.863Z", "user": 1, "content_type": 11, "object_id": "7", "object_repr": "Shuru Karo", "action_flag": 2, "change_message": "[{\"changed\": {\"fields\": [\"Upload\"]}}]"}}, {"model": "admin.logentry", "pk": 202, "fields": {"action_time": "2021-11-16T11:16:23.723Z", "user": 1, "content_type": 11, "object_id": "5", "object_repr": "Vennello Aadapilla", "action_flag": 2, "change_message": "[{\"changed\": {\"fields\": [\"Upload\"]}}]"}}, {"model": "admin.logentry", "pk": 203, "fields": {"action_time": "2021-11-16T11:20:10.601Z", "user": 1, "content_type": 15, "object_id": "12", "object_repr": "Saindhavi", "action_flag": 1, "change_message": "[{\"added\": {}}]"}}, {"model": "admin.logentry", "pk": 204, "fields": {"action_time": "2021-11-16T11:20:54.609Z", "user": 1, "content_type": 11, "object_id": "2", "object_repr": "Thalli Pegu", "action_flag": 2, "change_message": "[{\"changed\": {\"fields\": [\"SongName\", \"Singer\", \"Lyrics\", \"Upload\"]}}]"}}, {"model": "admin.logentry", "pk": 205, "fields": {"action_time": "2021-11-16T11:25:25.738Z", "user": 1, "content_type": 18, "object_id": "1", "object_repr": "Telugu", "action_flag": 2, "change_message": "[{\"changed\": {\"fields\": [\"Upload\"]}}]"}}, {"model": "admin.logentry", "pk": 206, "fields": {"action_time": "2021-11-16T11:26:20.139Z", "user": 1, "content_type": 18, "object_id": "2", "object_repr": "Hindi", "action_flag": 2, "change_message": "[{\"changed\": {\"fields\": [\"Upload\"]}}]"}}, {"model": "admin.logentry", "pk": 207, "fields": {"action_time": "2021-11-16T11:27:38.107Z", "user": 1, "content_type": 18, "object_id": "3", "object_repr": "Kannada", "action_flag": 2, "change_message": "[{\"changed\": {\"fields\": [\"Upload\"]}}]"}}, {"model": "admin.logentry", "pk": 208, "fields": {"action_time": "2021-11-16T11:28:48.321Z", "user": 1, "content_type": 18, "object_id": "4", "object_repr": "Tamil", "action_flag": 2, "change_message": "[{\"changed\": {\"fields\": [\"Upload\"]}}]"}}, {"model": "admin.logentry", "pk": 209, "fields": {"action_time": "2021-11-16T11:29:29.982Z", "user": 1, "content_type": 18, "object_id": "5", "object_repr": "Malayalam", "action_flag": 2, "change_message": "[{\"changed\": {\"fields\": [\"Upload\"]}}]"}}, {"model": "admin.logentry", "pk": 210, "fields": {"action_time": "2021-11-16T11:30:09.795Z", "user": 1, "content_type": 18, "object_id": "6", "object_repr": "English", "action_flag": 2, "change_message": "[{\"changed\": {\"fields\": [\"Upload\"]}}]"}}, {"model": "admin.logentry", "pk": 211, "fields": {"action_time": "2021-11-16T11:31:12.766Z", "user": 1, "content_type": 11, "object_id": "6", "object_repr": "Kanabadava Kanabadava", "action_flag": 2, "change_message": "[{\"changed\": {\"fields\": [\"Upload\"]}}]"}}, {"model": "admin.logentry", "pk": 212, "fields": {"action_time": "2021-11-16T11:32:00.881Z", "user": 1, "content_type": 15, "object_id": "7", "object_repr": "Sweekar Agasthi", "action_flag": 2, "change_message": "[{\"changed\": {\"fields\": [\"Upload\"]}}]"}}, {"model": "admin.logentry", "pk": 213, "fields": {"action_time": "2021-11-16T11:32:39.089Z", "user": 1, "content_type": 15, "object_id": "8", "object_repr": "Anand Aravindakshan", "action_flag": 2, "change_message": "[{\"changed\": {\"fields\": [\"Upload\"]}}]"}}, {"model": "admin.logentry", "pk": 214, "fields": {"action_time": "2021-11-16T11:33:38.145Z", "user": 1, "content_type": 15, "object_id": "9", "object_repr": "Revanth", "action_flag": 2, "change_message": "[{\"changed\": {\"fields\": [\"Upload\"]}}]"}}, {"model": "admin.logentry", "pk": 215, "fields": {"action_time": "2021-11-16T11:34:19.556Z", "user": 1, "content_type": 15, "object_id": "10", "object_repr": "Dhanunjay", "action_flag": 2, "change_message": "[{\"changed\": {\"fields\": [\"Upload\"]}}]"}}, {"model": "admin.logentry", "pk": 216, "fields": {"action_time": "2021-11-16T11:34:42.166Z", "user": 1, "content_type": 15, "object_id": "11", "object_repr": "Sachet Tandon", "action_flag": 2, "change_message": "[{\"changed\": {\"fields\": [\"Upload\"]}}]"}}, {"model": "admin.logentry", "pk": 217, "fields": {"action_time": "2021-11-16T11:35:07.671Z", "user": 1, "content_type": 15, "object_id": "12", "object_repr": "Saindhavi", "action_flag": 2, "change_message": "[{\"changed\": {\"fields\": [\"Upload\"]}}]"}}, {"model": "admin.logentry", "pk": 218, "fields": {"action_time": "2021-11-16T11:35:46.473Z", "user": 1, "content_type": 12, "object_id": "1", "object_repr": "Mani Sharma", "action_flag": 2, "change_message": "[{\"changed\": {\"fields\": [\"Upload\"]}}]"}}, {"model": "admin.logentry", "pk": 219, "fields": {"action_time": "2021-11-16T11:36:12.558Z", "user": 1, "content_type": 12, "object_id": "2", "object_repr": "S S Thaman", "action_flag": 2, "change_message": "[{\"changed\": {\"fields\": [\"Upload\"]}}]"}}, {"model": "admin.logentry", "pk": 220, "fields": {"action_time": "2021-11-16T11:36:35.151Z", "user": 1, "content_type": 12, "object_id": "4", "object_repr": "Mahati Swara Sagar", "action_flag": 2, "change_message": "[{\"changed\": {\"fields\": [\"Upload\"]}}]"}}, {"model": "admin.logentry", "pk": 221, "fields": {"action_time": "2021-11-16T11:37:21.958Z", "user": 1, "content_type": 12, "object_id": "5", "object_repr": "Radhan", "action_flag": 2, "change_message": "[{\"changed\": {\"fields\": [\"Upload\"]}}]"}}, {"model": "admin.logentry", "pk": 222, "fields": {"action_time": "2021-11-16T11:37:54.460Z", "user": 1, "content_type": 12, "object_id": "6", "object_repr": "Gopi Sundar", "action_flag": 2, "change_message": "[{\"changed\": {\"fields\": [\"Upload\"]}}]"}}, {"model": "admin.logentry", "pk": 223, "fields": {"action_time": "2021-11-16T11:38:21.226Z", "user": 1, "content_type": 12, "object_id": "7", "object_repr": "Sachet Parampara", "action_flag": 2, "change_message": "[{\"changed\": {\"fields\": [\"FirstName\", \"Upload\"]}}]"}}, {"model": "admin.logentry", "pk": 224, "fields": {"action_time": "2021-11-16T11:39:13.726Z", "user": 1, "content_type": 16, "object_id": "1", "object_repr": "Srikanth", "action_flag": 2, "change_message": "[{\"changed\": {\"fields\": [\"Upload\"]}}]"}}, {"model": "admin.logentry", "pk": 225, "fields": {"action_time": "2021-11-16T11:39:49.326Z", "user": 1, "content_type": 16, "object_id": "2", "object_repr": "Venu Sriram", "action_flag": 2, "change_message": "[{\"changed\": {\"fields\": [\"Upload\"]}}]"}}, {"model": "admin.logentry", "pk": 226, "fields": {"action_time": "2021-11-16T11:40:41.468Z", "user": 1, "content_type": 16, "object_id": "3", "object_repr": "Gandhi", "action_flag": 2, "change_message": "[{\"changed\": {\"fields\": [\"Upload\"]}}]"}}, {"model": "admin.logentry", "pk": 227, "fields": {"action_time": "2021-11-16T11:42:15.365Z", "user": 1, "content_type": 16, "object_id": "4", "object_repr": "Naresh Kuppili", "action_flag": 2, "change_message": "[{\"changed\": {\"fields\": [\"Upload\"]}}]"}}, {"model": "admin.logentry", "pk": 228, "fields": {"action_time": "2021-11-16T11:42:57.431Z", "user": 1, "content_type": 16, "object_id": "5", "object_repr": "Bhaskar", "action_flag": 2, "change_message": "[{\"changed\": {\"fields\": [\"Upload\"]}}]"}}, {"model": "admin.logentry", "pk": 229, "fields": {"action_time": "2021-11-16T11:43:22.600Z", "user": 1, "content_type": 16, "object_id": "6", "object_repr": "Sandeep Reddy", "action_flag": 2, "change_message": "[{\"changed\": {\"fields\": [\"Upload\"]}}]"}}, {"model": "admin.logentry", "pk": 230, "fields": {"action_time": "2021-11-16T11:44:07.643Z", "user": 1, "content_type": 17, "object_id": "1", "object_repr": "Venkatesh", "action_flag": 2, "change_message": "[{\"changed\": {\"fields\": [\"Upload\"]}}]"}}, {"model": "admin.logentry", "pk": 231, "fields": {"action_time": "2021-11-16T11:45:17.072Z", "user": 1, "content_type": 17, "object_id": "5", "object_repr": "Akhil", "action_flag": 2, "change_message": "[{\"changed\": {\"fields\": [\"Upload\"]}}]"}}, {"model": "admin.logentry", "pk": 232, "fields": {"action_time": "2021-11-16T11:46:04.329Z", "user": 1, "content_type": 17, "object_id": "1", "object_repr": "Venkatesh", "action_flag": 2, "change_message": "[{\"changed\": {\"fields\": [\"Upload\"]}}]"}}, {"model": "admin.logentry", "pk": 233, "fields": {"action_time": "2021-11-16T11:47:11.215Z", "user": 1, "content_type": 17, "object_id": "2", "object_repr": "Pawan Kalyan", "action_flag": 2, "change_message": "[{\"changed\": {\"fields\": [\"Upload\"]}}]"}}, {"model": "admin.logentry", "pk": 234, "fields": {"action_time": "2021-11-16T11:47:42.338Z", "user": 1, "content_type": 17, "object_id": "3", "object_repr": "Nithiin", "action_flag": 2, "change_message": "[{\"changed\": {\"fields\": [\"Upload\"]}}]"}}, {"model": "admin.logentry", "pk": 235, "fields": {"action_time": "2021-11-16T11:48:29.316Z", "user": 1, "content_type": 17, "object_id": "4", "object_repr": "Vishwak Sen", "action_flag": 2, "change_message": "[{\"changed\": {\"fields\": [\"Upload\"]}}]"}}, {"model": "admin.logentry", "pk": 236, "fields": {"action_time": "2021-11-16T11:48:58.037Z", "user": 1, "content_type": 17, "object_id": "6", "object_repr": "Shahid Kapoor", "action_flag": 2, "change_message": "[{\"changed\": {\"fields\": [\"Upload\"]}}]"}}, {"model": "admin.logentry", "pk": 237, "fields": {"action_time": "2021-11-16T11:50:05.210Z", "user": 1, "content_type": 19, "object_id": "1", "object_repr": "Narappa", "action_flag": 2, "change_message": "[{\"changed\": {\"fields\": [\"Upload\"]}}]"}}, {"model": "admin.logentry", "pk": 238, "fields": {"action_time": "2021-11-16T11:51:20.652Z", "user": 1, "content_type": 19, "object_id": "3", "object_repr": "Maestro", "action_flag": 2, "change_message": "[{\"changed\": {\"fields\": [\"Upload\"]}}]"}}, {"model": "admin.logentry", "pk": 239, "fields": {"action_time": "2021-11-16T11:51:59.397Z", "user": 1, "content_type": 19, "object_id": "4", "object_repr": "Paagal", "action_flag": 2, "change_message": "[{\"changed\": {\"fields\": [\"Upload\"]}}]"}}, {"model": "admin.logentry", "pk": 240, "fields": {"action_time": "2021-11-16T11:52:33.590Z", "user": 1, "content_type": 19, "object_id": "5", "object_repr": "Most Eligible Bachelor", "action_flag": 2, "change_message": "[{\"changed\": {\"fields\": [\"Upload\"]}}]"}}, {"model": "auth.user", "pk": 1, "fields": {"password": "pbkdf2_sha256$260000$QuCMbE0bBtcCG4k2x2LwvT$hJbEhcDIrgXvYJah0SkbSWywWMGs/YMB+WkcjDE5upc=", "last_login": "2021-11-16T11:04:46.163Z", "is_superuser": true, "username": "shreyas", "first_name": "", "last_name": "", "email": "sunku.shreyas8@gmail.com", "is_staff": true, "is_active": true, "date_joined": "2021-09-17T05:37:33.132Z", "groups": [], "user_permissions": []}}, {"model": "sessions.session", "pk": "0833gyf77u4x5nycc32u2avb1djt128e", "fields": {"session_data": ".eJxVjEEOwiAQRe_C2pAOlHFw6b5nIMNApWpoUtqV8e7apAvd_vfef6nA21rC1vISpqQuCtTpd4ssj1x3kO5cb7OWua7LFPWu6IM2PcwpP6-H-3dQuJVvjUgw9sg2ZTLkrCFANiQex7OnDgQj9sIuOrHCVhCi9SCZo8udOKveH8Y7N6E:1mWFrg:TOBfAsWK-t5RbRJgBtMIxIqeisggTlmrIsYGEcIfxDE", "expire_date": "2021-10-15T10:34:04.026Z"}}, {"model": "sessions.session", "pk": "1snzautdlfrr3yp0jz4duta1xe4747k6", "fields": {"session_data": ".eJxVjEEOwiAQRe_C2pAOlHFw6b5nIMNApWpoUtqV8e7apAvd_vfef6nA21rC1vISpqQuCtTpd4ssj1x3kO5cb7OWua7LFPWu6IM2PcwpP6-H-3dQuJVvjUgw9sg2ZTLkrCFANiQex7OnDgQj9sIuOrHCVhCi9SCZo8udOKveH8Y7N6E:1mREIG:8MLgnW4jrgTe37_5HRJCoNxrxExDjWV6Kb_zNsWEt8c", "expire_date": "2021-10-01T13:52:44.443Z"}}, {"model": "sessions.session", "pk": "2j1dwop9fip3nidjjpdptfqafroef0xb", "fields": {"session_data": ".eJxVjEEOwiAQRe_C2pAOlHFw6b5nIMNApWpoUtqV8e7apAvd_vfef6nA21rC1vISpqQuCtTpd4ssj1x3kO5cb7OWua7LFPWu6IM2PcwpP6-H-3dQuJVvjUgw9sg2ZTLkrCFANiQex7OnDgQj9sIuOrHCVhCi9SCZo8udOKveH8Y7N6E:1mVYOF:StOsnVgnfht8qtyP2noPXXWXZJgKyn59VpleAwWsjds", "expire_date": "2021-10-13T12:08:47.704Z"}}, {"model": "sessions.session", "pk": "gk6ru6rszawqb6d37fnbvbz7xymdkbpx", "fields": {"session_data": ".eJxVjEEOwiAQRe_C2pAOlHFw6b5nIMNApWpoUtqV8e7apAvd_vfef6nA21rC1vISpqQuCtTpd4ssj1x3kO5cb7OWua7LFPWu6IM2PcwpP6-H-3dQuJVvjUgw9sg2ZTLkrCFANiQex7OnDgQj9sIuOrHCVhCi9SCZo8udOKveH8Y7N6E:1mSc5L:u0AJMlvcgZHMyAM_1aLhjmFDeA0TPtIMXJMkIFk3kGw", "expire_date": "2021-10-05T09:29:07.837Z"}}, {"model": "sessions.session", "pk": "jgymv9zdrkvnq4b9dsx52yydum82v1n5", "fields": {"session_data": ".eJxVjEEOwiAQRe_C2pAOlHFw6b5nIMNApWpoUtqV8e7apAvd_vfef6nA21rC1vISpqQuCtTpd4ssj1x3kO5cb7OWua7LFPWu6IM2PcwpP6-H-3dQuJVvjUgw9sg2ZTLkrCFANiQex7OnDgQj9sIuOrHCVhCi9SCZo8udOKveH8Y7N6E:1mVqF6:wUyhjvA0FjonEatiuSVsK9J2Mn6szsIiWUavwAdG02g", "expire_date": "2021-10-14T07:12:32.052Z"}}, {"model": "sessions.session", "pk": "jksqnmpu0mgitbblsbu8g2pvz44twc4z", "fields": {"session_data": ".eJxVjEEOwiAQRe_C2pAOlHFw6b5nIMNApWpoUtqV8e7apAvd_vfef6nA21rC1vISpqQuCtTpd4ssj1x3kO5cb7OWua7LFPWu6IM2PcwpP6-H-3dQuJVvjUgw9sg2ZTLkrCFANiQex7OnDgQj9sIuOrHCVhCi9SCZo8udOKveH8Y7N6E:1mREYW:QJm5lHyCy3ooZk6ibLK5X1XukwYdiJ_ol5fiuYgh0uc", "expire_date": "2021-10-01T14:09:32.709Z"}}, {"model": "sessions.session", "pk": "jxwt95s8xodcw4p6kjmkibc20mob5ax3", "fields": {"session_data": ".eJxVjEEOwiAQRe_C2pAOlHFw6b5nIMNApWpoUtqV8e7apAvd_vfef6nA21rC1vISpqQuCtTpd4ssj1x3kO5cb7OWua7LFPWu6IM2PcwpP6-H-3dQuJVvjUgw9sg2ZTLkrCFANiQex7OnDgQj9sIuOrHCVhCi9SCZo8udOKveH8Y7N6E:1mUOFo:-SWOqHAPV_KC2cpvuXMFdm6AOAPLyxEAXJwIirSZT1Q", "expire_date": "2021-10-10T07:07:16.389Z"}}, {"model": "sessions.session", "pk": "k0evmll0e2rx8b6mxcsvwcodj0h3r9my", "fields": {"session_data": ".eJxVjEEOwiAQRe_C2pAOlHFw6b5nIMNApWpoUtqV8e7apAvd_vfef6nA21rC1vISpqQuCtTpd4ssj1x3kO5cb7OWua7LFPWu6IM2PcwpP6-H-3dQuJVvjUgw9sg2ZTLkrCFANiQex7OnDgQj9sIuOrHCVhCi9SCZo8udOKveH8Y7N6E:1mVvUd:5S7gV654KrGzEWEzGkH9z2EdU0FJuo1yisqCqVd40d4", "expire_date": "2021-10-14T12:48:55.782Z"}}, {"model": "sessions.session", "pk": "nqeuz3upbtltpir4sh6oixgrv3xoj0mx", "fields": {"session_data": ".eJxVjEEOwiAQRe_C2pAOlHFw6b5nIMNApWpoUtqV8e7apAvd_vfef6nA21rC1vISpqQuCtTpd4ssj1x3kO5cb7OWua7LFPWu6IM2PcwpP6-H-3dQuJVvjUgw9sg2ZTLkrCFANiQex7OnDgQj9sIuOrHCVhCi9SCZo8udOKveH8Y7N6E:1mSI9Q:F0AAv_5XM7q5PypE6YnKg45Za76f7fdKv5GhtZgltyI", "expire_date": "2021-10-04T12:12:00.679Z"}}, {"model": "sessions.session", "pk": "o34c6qe3jn9bxytiqpoi8k0itpmsc4fi", "fields": {"session_data": ".eJxVjEEOwiAQRe_C2pAOlHFw6b5nIMNApWpoUtqV8e7apAvd_vfef6nA21rC1vISpqQuCtTpd4ssj1x3kO5cb7OWua7LFPWu6IM2PcwpP6-H-3dQuJVvjUgw9sg2ZTLkrCFANiQex7OnDgQj9sIuOrHCVhCi9SCZo8udOKveH8Y7N6E:1mU4vy:wUbsPP0ncWKifuLbv8xQCG5FJlTQnAs-2_i69ATWxlg", "expire_date": "2021-10-09T10:29:30.776Z"}}, {"model": "sessions.session", "pk": "rhjr3mn5yspstic0xc9ur05zkmjp4bec", "fields": {"session_data": ".eJxVjEEOwiAQRe_C2pAOlHFw6b5nIMNApWpoUtqV8e7apAvd_vfef6nA21rC1vISpqQuCtTpd4ssj1x3kO5cb7OWua7LFPWu6IM2PcwpP6-H-3dQuJVvjUgw9sg2ZTLkrCFANiQex7OnDgQj9sIuOrHCVhCi9SCZo8udOKveH8Y7N6E:1mhTH0:OV9-TC2uFKwh31XoR3hzgVay_Ntn42O44oAB1X_feCM", "expire_date": "2021-11-15T09:06:34.745Z"}}, {"model": "sessions.session", "pk": "st0ks64cwvjun7q98whycdm0hm2px7xo", "fields": {"session_data": ".eJxVjEEOwiAQRe_C2pAOlHFw6b5nIMNApWpoUtqV8e7apAvd_vfef6nA21rC1vISpqQuCtTpd4ssj1x3kO5cb7OWua7LFPWu6IM2PcwpP6-H-3dQuJVvjUgw9sg2ZTLkrCFANiQex7OnDgQj9sIuOrHCVhCi9SCZo8udOKveH8Y7N6E:1mmwGc:ffirS7IuOzwTd3aba4g41EIJT5vwIqoCc15mxXNraso", "expire_date": "2021-11-30T11:04:46.170Z"}}, {"model": "Lyrics.logo", "pk": 1, "fields": {"Logo_Image": "images/Logo/l3_f1Dy0ns.png"}}, {"model": "Lyrics.actor", "pk": 1, "fields": {"FirstName": "Venkatesh", "FamilyName": "Daggubati", "FullName": "Venkatesh Daggubati", "Gender": "Male", "DoB": "1960-12-13", "DoD": null, "BirthPlace": "Karamchedu, Prakasam, India", "Awards": "Filmfare Awards - Telugu\r\n2001--Best Actor--Jayam Manadera\r\n1999--Best Actor--Ganesh\r\n1997--Best Actor--Dharma Chakram\r\n2001--Special Awards--Kalisundam Raa\r\n1989--Special Award For Excellent Performance--Brahma Puthrudu", "Upload": "images/Actor/venkatsh.jpg"}}, {"model": "Lyrics.actor", "pk": 2, "fields": {"FirstName": "Pawan Kalyan", "FamilyName": "Konidela", "FullName": "Konidela Pawan Kalyan", "Gender": "Male", "DoB": "1968-09-02", "DoD": null, "BirthPlace": "Guntur, Andhra Pradesh, India", "Awards": "Filmfare Awards - Telugu\r\n2013 -- Best Actor -- Gabbar Singh", "Upload": "images/Actor/Pawan_Kalyan.webp"}}, {"model": "Lyrics.actor", "pk": 3, "fields": {"FirstName": "Nithiin", "FamilyName": null, "FullName": "Nithiin Reddy", "Gender": "Male", "DoB": "1983-03-30", "DoD": null, "BirthPlace": null, "Awards": "", "Upload": "images/Actor/Nithiins-dGallery.jpg"}}, {"model": "Lyrics.actor", "pk": 4, "fields": {"FirstName": "Vishwak Sen", "FamilyName": null, "FullName": null, "Gender": "Male", "DoB": "1995-03-29", "DoD": null, "BirthPlace": "Hyderabad, Andhra Pradesh, India", "Awards": "", "Upload": "images/Actor/Vishwak_Sen.jfif"}}, {"model": "Lyrics.actor", "pk": 5, "fields": {"FirstName": "Akhil", "FamilyName": "Akkineni", "FullName": "Akhil Akkineni", "Gender": "Male", "DoB": "1994-04-08", "DoD": null, "BirthPlace": "San Jose, California, U.S.", "Awards": "", "Upload": "images/Actor/akhil.jpg"}}, {"model": "Lyrics.actor", "pk": 6, "fields": {"FirstName": "Shahid Kapoor", "FamilyName": null, "FullName": "Shahid Kapoor", "Gender": "Male", "DoB": null, "DoD": null, "BirthPlace": null, "Awards": "", "Upload": "images/Actor/Shahid_Kapoor.jfif"}}, {"model": "Lyrics.singer", "pk": 1, "fields": {"FirstName": "Sid Sriram", "FamilyName": "Sidharth", "FullName": "Sidharth Sriram", "Gender": "Male", "DoB": "1990-05-19", "DoD": null, "BirthPlace": "Chennai, Tamil Nadu, India", "Awards": "", "Upload": "images/Singer/Sid_Sriram.jpg"}}, {"model": "Lyrics.singer", "pk": 2, "fields": {"FirstName": "Anurag Kulkarni", "FamilyName": "Kulkarni", "FullName": "Anurag Kulkarni", "Gender": "Male", "DoB": "1993-06-07", "DoD": null, "BirthPlace": "Basar, Nirmal, Telangana, Hyderabad", "Awards": "", "Upload": "images/Singer/Anurag-Kulkarni.jpg"}}, {"model": "Lyrics.singer", "pk": 7, "fields": {"FirstName": "Sweekar Agasthi", "FamilyName": null, "FullName": "Sweekar Agasthi", "Gender": "Male", "DoB": null, "DoD": null, "BirthPlace": null, "Awards": "", "Upload": "images/Singer/Sweekar_Agasthi.jfif"}}, {"model": "Lyrics.singer", "pk": 8, "fields": {"FirstName": "Anand Aravindakshan", "FamilyName": null, "FullName": "Anand Aravindakshan", "Gender": "Male", "DoB": null, "DoD": null, "BirthPlace": null, "Awards": "", "Upload": "images/Singer/Anand_Aravindakshan.jfif"}}, {"model": "Lyrics.singer", "pk": 9, "fields": {"FirstName": "Revanth", "FamilyName": null, "FullName": null, "Gender": "Male", "DoB": null, "DoD": null, "BirthPlace": null, "Awards": "", "Upload": "images/Singer/Revanth.jfif"}}, {"model": "Lyrics.singer", "pk": 10, "fields": {"FirstName": "Dhanunjay", "FamilyName": null, "FullName": "Dhanunjay Seepana", "Gender": "Male", "DoB": null, "DoD": null, "BirthPlace": null, "Awards": "", "Upload": "images/Singer/Dhanunjay.jfif"}}, {"model": "Lyrics.singer", "pk": 11, "fields": {"FirstName": "Sachet Tandon", "FamilyName": null, "FullName": null, "Gender": "Male", "DoB": null, "DoD": null, "BirthPlace": null, "Awards": "", "Upload": "images/Singer/Sachet_Tandon.jfif"}}, {"model": "Lyrics.singer", "pk": 12, "fields": {"FirstName": "Saindhavi", "FamilyName": null, "FullName": "Saindhavi", "Gender": "Male", "DoB": null, "DoD": null, "BirthPlace": null, "Awards": "", "Upload": "images/Singer/Saindhavi.jfif"}}, {"model": "Lyrics.musicdirector", "pk": 1, "fields": {"FirstName": "Mani Sharma", "FamilyName": "Yanamandra", "FullName": "Yanamandra Venkata Subrahmanya Sharma", "Gender": "Male", "DoB": "1964-07-11", "DoD": null, "BirthPlace": "Machilipatnam, Andhra Pradesh, India", "Awards": "", "Upload": "images/MusicDirector/Mani_Sharma.jfif"}}, {"model": "Lyrics.musicdirector", "pk": 2, "fields": {"FirstName": "S S Thaman", "FamilyName": "Ghantasala", "FullName": "Ghantasala Sai Srinivas", "Gender": "Male", "DoB": "1983-11-16", "DoD": null, "BirthPlace": "Nellore, Andhra Pradesh, India", "Awards": "", "Upload": "images/MusicDirector/S_S_Thaman.jfif"}}, {"model": "Lyrics.musicdirector", "pk": 4, "fields": {"FirstName": "Mahati Swara Sagar", "FamilyName": null, "FullName": "Mahati Swara Sagar", "Gender": "Male", "DoB": null, "DoD": null, "BirthPlace": null, "Awards": "", "Upload": "images/MusicDirector/Mahati_Swara_Sagar.jfif"}}, {"model": "Lyrics.musicdirector", "pk": 5, "fields": {"FirstName": "Radhan", "FamilyName": null, "FullName": "Radhan", "Gender": "Male", "DoB": null, "DoD": null, "BirthPlace": "Chennai, Tamil Nadu, India", "Awards": "", "Upload": "images/MusicDirector/Radhan.jfif"}}, {"model": "Lyrics.musicdirector", "pk": 6, "fields": {"FirstName": "Gopi Sundar", "FamilyName": null, "FullName": "Gopi Sundar", "Gender": "Male", "DoB": null, "DoD": null, "BirthPlace": null, "Awards": "", "Upload": "images/MusicDirector/Gopi_Sundar.jfif"}}, {"model": "Lyrics.musicdirector", "pk": 7, "fields": {"FirstName": "Sachet Parampara", "FamilyName": null, "FullName": null, "Gender": "Male", "DoB": null, "DoD": null, "BirthPlace": null, "Awards": "", "Upload": "images/MusicDirector/Sachet_Parampara.jfif"}}, {"model": "Lyrics.moviedirector", "pk": 1, "fields": {"FirstName": "Srikanth", "FamilyName": "Addala", "FullName": "Srikanth Addala", "Gender": "Male", "DoB": null, "DoD": null, "BirthPlace": null, "Awards": "", "Upload": "images/MovieDirector/Srikanth.jfif"}}, {"model": "Lyrics.moviedirector", "pk": 2, "fields": {"FirstName": "Venu Sriram", "FamilyName": null, "FullName": "Venu Sriram", "Gender": "Male", "DoB": null, "DoD": null, "BirthPlace": null, "Awards": "", "Upload": "images/MovieDirector/Venu_Sriram.jfif"}}, {"model": "Lyrics.moviedirector", "pk": 3, "fields": {"FirstName": "Gandhi", "FamilyName": "Merlapaka", "FullName": "Merlapaka Gandhi", "Gender": "Male", "DoB": null, "DoD": null, "BirthPlace": null, "Awards": "", "Upload": "images/MovieDirector/Merlapaka.jfif"}}, {"model": "Lyrics.moviedirector", "pk": 4, "fields": {"FirstName": "Naresh Kuppili", "FamilyName": null, "FullName": "Naresh Kuppili", "Gender": "Male", "DoB": null, "DoD": null, "BirthPlace": null, "Awards": "", "Upload": "images/MovieDirector/Naresh_Kuppili.jpg"}}, {"model": "Lyrics.moviedirector", "pk": 5, "fields": {"FirstName": "Bhaskar", "FamilyName": null, "FullName": null, "Gender": "Male", "DoB": null, "DoD": null, "BirthPlace": null, "Awards": "", "Upload": "images/MovieDirector/Bhaskar.jfif"}}, {"model": "Lyrics.moviedirector", "pk": 6, "fields": {"FirstName": "Sandeep Reddy", "FamilyName": null, "FullName": "Sandeep Reddy Vanga", "Gender": "Male", "DoB": null, "DoD": null, "BirthPlace": null, "Awards": "", "Upload": "images/MovieDirector/Sandeep_Reddy.jfif"}}, {"model": "Lyrics.studio", "pk": 1, "fields": {"StudioName": "Suresh Productions", "Upload": "images/Studio/no_image_ESeaWWR.png"}}, {"model": "Lyrics.studio", "pk": 2, "fields": {"StudioName": "Sri Venkateswara Creations", "Upload": "images/Studio/no_image_x9tHwRJ.png"}}, {"model": "Lyrics.studio", "pk": 3, "fields": {"StudioName": "Shresht Movies", "Upload": "images/Studio/no_image_z5LaKAx.png"}}, {"model": "Lyrics.studio", "pk": 4, "fields": {"StudioName": "GA2 Pictures", "Upload": "images/Studio/no_image_zLIEPED.png"}}, {"model": "Lyrics.studio", "pk": 5, "fields": {"StudioName": "Cine1", "Upload": "images/Studio/no_image.png"}}, {"model": "Lyrics.producer", "pk": 1, "fields": {"FirstName": "Suresh Babu", "FamilyName": "Daggubati", "FullName": "Daggubati Suresh Babu", "Gender": "Male", "DoB": "1958-12-24", "DoD": null, "BirthPlace": "Karamchedu, Andhra Pradesh, India", "Awards": "National Film Awards (1)\r\nNandi Awards (4)", "Upload": "images/Producer/no_image_eb41qv2.png"}}, {"model": "Lyrics.producer", "pk": 2, "fields": {"FirstName": "Dil Raju", "FamilyName": null, "FullName": "Dil Raju", "Gender": "Male", "DoB": null, "DoD": null, "BirthPlace": null, "Awards": "", "Upload": "images/Producer/no_image_6XDbGmh.png"}}, {"model": "Lyrics.producer", "pk": 3, "fields": {"FirstName": "Sudhakar", "FamilyName": null, "FullName": "Sudhakar Reddy", "Gender": "Male", "DoB": null, "DoD": null, "BirthPlace": null, "Awards": "", "Upload": "images/Producer/no_image_btU5f1o.png"}}, {"model": "Lyrics.producer", "pk": 4, "fields": {"FirstName": "Bekkem Venugopal", "FamilyName": "Bekkem", "FullName": "Bekkem Venugopal", "Gender": "Male", "DoB": null, "DoD": null, "BirthPlace": "Hyderabad, India", "Awards": "", "Upload": "images/Producer/no_image_2Fy5WYU.png"}}, {"model": "Lyrics.producer", "pk": 5, "fields": {"FirstName": "Bunny Vas", "FamilyName": null, "FullName": null, "Gender": "Male", "DoB": null, "DoD": null, "BirthPlace": null, "Awards": "", "Upload": "images/Producer/no_image_ph1dnvH.png"}}, {"model": "Lyrics.producer", "pk": 6, "fields": {"FirstName": "Bhushan Kumar", "FamilyName": null, "FullName": null, "Gender": "Male", "DoB": null, "DoD": null, "BirthPlace": null, "Awards": "", "Upload": "images/Producer/no_image.png"}}, {"model": "Lyrics.country", "pk": 1, "fields": {"Country": "India", "Upload": "images/Country/no_image.png"}}, {"model": "Lyrics.wood", "pk": 1, "fields": {"WoodName": "Tollywood", "Upload": "images/Wood/no_image.png"}}, {"model": "Lyrics.wood", "pk": 2, "fields": {"WoodName": "Bollywood", "Upload": "images/Wood/no_image_oELsK8K.png"}}, {"model": "Lyrics.language", "pk": 1, "fields": {"Language": "Telugu", "Upload": "images/Language/Best-Telugu-Hero-of-2012-1043.jpg"}}, {"model": "Lyrics.language", "pk": 2, "fields": {"Language": "Hindi", "Upload": "images/Language/Bollywood_Actors_Date_Of_Birth.jpg"}}, {"model": "Lyrics.language", "pk": 3, "fields": {"Language": "Kannada", "Upload": "images/Language/Sandalwood_top_payment-759x500.jpg"}}, {"model": "Lyrics.language", "pk": 4, "fields": {"Language": "Tamil", "Upload": "images/Language/tamilheros.jpg"}}, {"model": "Lyrics.language", "pk": 5, "fields": {"Language": "Malayalam", "Upload": "images/Language/malayalam_heros.jpg"}}, {"model": "Lyrics.language", "pk": 6, "fields": {"Language": "English", "Upload": "images/Language/englishheros.jpg"}}, {"model": "Lyrics.genre", "pk": 1, "fields": {"Genre": "Action", "Upload": ""}}, {"model": "Lyrics.genre", "pk": 2, "fields": {"Genre": "Drama", "Upload": ""}}, {"model": "Lyrics.genre", "pk": 3, "fields": {"Genre": "Romance", "Upload": ""}}, {"model": "Lyrics.genre", "pk": 4, "fields": {"Genre": "Romantic Comedy", "Upload": ""}}, {"model": "Lyrics.genre", "pk": 5, "fields": {"Genre": "Romantic Drama", "Upload": ""}}, {"model": "Lyrics.certificate", "pk": 1, "fields": {"Certificate": "U/A", "Upload": "images/Certificate/no_image.png"}}, {"model": "Lyrics.certificate", "pk": 2, "fields": {"Certificate": "A", "Upload": "images/Certificate/no_image_7pfbBdB.png"}}, {"model": "Lyrics.certificate", "pk": 3, "fields": {"Certificate": "U", "Upload": "images/Certificate/no_image_LWsPSI8.png"}}, {"model": "Lyrics.youtube", "pk": 2, "fields": {"Name": "Maguva Maguva", "youtube": "https://www.youtube.com/watch?v=fqM8DJIZIDw"}}, {"model": "Lyrics.youtube", "pk": 3, "fields": {"Name": "Bekhayali", "youtube": "https://www.youtube.com/watch?v=VOLKJJvfAbg"}}, {"model": "Lyrics.youtube", "pk": 4, "fields": {"Name": "Vennello Aadapilla", "youtube": "https://www.youtube.com/watch?v=el4NceqBTes"}}, {"model": "Lyrics.youtube", "pk": 5, "fields": {"Name": "Kanabadava Kanabadava", "youtube": "https://www.youtube.com/watch?v=vXad4ZHX6yc"}}, {"model": "Lyrics.youtube", "pk": 6, "fields": {"Name": "Shuru Karo", "youtube": "https://www.youtube.com/watch?v=XNdwA8Zm7bw"}}, {"model": "Lyrics.youtube", "pk": 7, "fields": {"Name": "Lalala", "youtube": "https://www.youtube.com/watch?v=p9De9O2Qd-A"}}, {"model": "Lyrics.youtube", "pk": 8, "fields": {"Name": "Baby Oh Baby", "youtube": "https://www.youtube.com/watch?v=KId2oaFd3Fs"}}, {"model": "Lyrics.youtube", "pk": 9, "fields": {"Name": "Leharaayi", "youtube": "https://www.youtube.com/watch?v=J1KpuR2Khz8"}}, {"model": "Lyrics.youtube", "pk": 10, "fields": {"Name": "Vakeel Saab Trailer", "youtube": "https://www.youtube.com/watch?v=P1xKV0Dmetg"}}, {"model": "Lyrics.youtube", "pk": 11, "fields": {"Name": "Narappa Trailer", "youtube": "https://www.youtube.com/watch?v=GNJ-kT6gFhQ"}}, {"model": "Lyrics.youtube", "pk": 12, "fields": {"Name": "Maestro Trailer", "youtube": "https://www.youtube.com/watch?v=pgEJDVQUp3s"}}, {"model": "Lyrics.youtube", "pk": 13, "fields": {"Name": "Paagal Trailer", "youtube": "https://www.youtube.com/watch?v=Cx5_qnKfjWc"}}, {"model": "Lyrics.youtube", "pk": 14, "fields": {"Name": "Most Eligible Bachelor Trailer", "youtube": "https://www.youtube.com/watch?v=oFJxjVVovQo"}}, {"model": "Lyrics.youtube", "pk": 15, "fields": {"Name": "Kabir Singh Trailer", "youtube": "https://www.youtube.com/watch?v=RiANSSgCuJk"}}, {"model": "Lyrics.movie", "pk": 1, "fields": {"MovieName": "Narappa", "Actor": 1, "ReleaseDate": null, "MovieDirector": 1, "MusicDirector": 1, "Studio": 1, "Producer": 1, "Country": 1, "Wood": 1, "Language": 1, "Genre": 1, "RunTimeMinutes": 153, "Certificate": 1, "Review": null, "Upload": "images/Movie/Narappa.jpg", "YouTube": 11}}, {"model": "Lyrics.movie", "pk": 2, "fields": {"MovieName": "Vakeel Saab", "Actor": 2, "ReleaseDate": "2021-04-09", "MovieDirector": 2, "MusicDirector": 2, "Studio": 2, "Producer": 2, "Country": 1, "Wood": 1, "Language": 1, "Genre": 1, "RunTimeMinutes": 141, "Certificate": 1, "Review": null, "Upload": "images/Movie/Movie_Vakeelsaab.png", "YouTube": 10}}, {"model": "Lyrics.movie", "pk": 3, "fields": {"MovieName": "Maestro", "Actor": 3, "ReleaseDate": null, "MovieDirector": 3, "MusicDirector": 4, "Studio": 3, "Producer": 3, "Country": 1, "Wood": 1, "Language": 1, "Genre": 2, "RunTimeMinutes": 135, "Certificate": 1, "Review": null, "Upload": "images/Movie/Maestro_movie.jfif", "YouTube": 12}}, {"model": "Lyrics.movie", "pk": 4, "fields": {"MovieName": "Paagal", "Actor": 4, "ReleaseDate": "2021-08-14", "MovieDirector": 4, "MusicDirector": 5, "Studio": 2, "Producer": 4, "Country": 1, "Wood": 1, "Language": 1, "Genre": 3, "RunTimeMinutes": 138, "Certificate": 1, "Review": null, "Upload": "images/Movie/Paagal.jpg", "YouTube": 13}}, {"model": "Lyrics.movie", "pk": 5, "fields": {"MovieName": "Most Eligible Bachelor", "Actor": 5, "ReleaseDate": null, "MovieDirector": 5, "MusicDirector": 6, "Studio": 4, "Producer": 5, "Country": 1, "Wood": 1, "Language": 1, "Genre": 4, "RunTimeMinutes": 135, "Certificate": 1, "Review": null, "Upload": "images/Movie/Most_Eligible_Bachelor.webp", "YouTube": 14}}, {"model": "Lyrics.movie", "pk": 6, "fields": {"MovieName": "Kabir Singh", "Actor": 6, "ReleaseDate": "2019-06-21", "MovieDirector": 6, "MusicDirector": 7, "Studio": 5, "Producer": 6, "Country": 1, "Wood": 2, "Language": 2, "Genre": 5, "RunTimeMinutes": 172, "Certificate": 1, "Review": null, "Upload": "images/Movie/Kabir_Singh.jpg", "YouTube": 15}}, {"model": "Lyrics.lyrics", "pk": 1, "fields": {"SongName": "Maguva Maguva", "Movie": 2, "Actor": 2, "Singer": 1, "MovieDirector": 2, "MusicDirector": 2, "Language": 1, "Lyrics": "Maguva maguva lokaniki thelusa nee viluva\r\nMaguva maguva nee sahananiki sarihuddulu kalava\r\n\r\nAtu itu anninta nuvve jagamantha\r\nParugulu thisthavu inta bayata\r\nAlupani ravvantha anane anavanta\r\nVelugulu pusthavu velle dharantha\r\n\r\nMaguva maguva lokaniki thelusa nee viluva\r\nMaguva maguva nee sahananiki sarihuddulu kalava\r\n\r\nNee katuku kanulu vipparakapothe\r\nEe bhoomiki thelavaradhuga\r\nNee gaajula cheyi kadalaadakapothe\r\nYe manugada konasaagadugaa\r\n\r\nPrati varusalonu prema ga\r\nAllukunna bandhamaa anthuleni\r\nNee shrama anchanaalakandunaa\r\nAalayaalu korani aadishakti roopama\r\n\r\n\r\nNeevuleni jagathilo deepame velugunaa\r\nNeedagu laalanalo priyamagu palanalo\r\nPrathi oka magavaadu pasivaadegaa\r\nEndari pedavulola ye chirunavvumma\r\nAa siri merupulaku moolam nuvve gaa\r\n\r\nMaguva maguva lokaniki thelusa nee viluva\r\nMaguva maguva nee sahananiki sarihuddulu kalava", "MusicLabel": null, "Upload": "images/Lyrics/maguva-maguva-vakeel-saab.jpg", "YouTube": 2}}, {"model": "Lyrics.lyrics", "pk": 2, "fields": {"SongName": "Thalli Pegu", "Movie": 1, "Actor": 1, "Singer": 12, "MovieDirector": 1, "MusicDirector": 1, "Language": 1, "Lyrics": "Thalli Pegu Choodu Elaa Thalladillipoyenayyaa\r\nKallu Moosi Eto Vellipokayyaa, Aa Aa\r\nNannu Kanna Thandri Ilaa Raavayyaa\r\nKadupulone Undaka… Ee Pudamikelaa Vasthivayyaa\r\nSankanetthukunnantha Sepu Levayyaa, Aa Aa\r\nInthalone Emayyaavo Seppayyaa\r\n\r\nRaakaasi Cheekatilo… Ye Keedu Thaakindho\r\nEkaakivai Poyaavaa Chandrayyaa\r\nKallerraa Chesi Reyini Choodayyaa, AaAa\r\nThellaari Sooreedalle Raavayyaa\r\n\r\nNee Semata Thadi Inkaa Inkaneledhayyaa\r\nEe Thotananthaa Thadimi Soodayyo\r\nNee Navvu Sadi Leka… Goodu Sinnaboyenayyaa\r\nInthalone Runamu Theere Neekayyaa, AaAa\r\nMattini Cheelchukochhe Vitthanamai Raavayyaa\r\nSaavuni Koodaa Sampe… Satthuva Needhayyaa, Aa Aa\r\nAshtadhikkulannee Suttumuduthunnaa, Aa Aa\r\nIttenetti Sappunaa Intiki Raavayyaa\r\n\r\nThalli Pegu Choodu Elaa Thalladillipoyenayyaa\r\nKallu Moosi Eto Vellipokayyaa, Aa Aa\r\nNannu Kanna Thandri… Ilaa Raavayyaa\r\n\r\nKannodhili Choopelli Masakesi Poyele\r\nGundello Manta Ninnu Choopenaa, Aa\r\nNannodhili Nuvvelli Kodi Katti Praanaale\r\nNaa Aashakaayuvinkaa Inkaa Migeleraa\r\nKatika Nijam Needhani… Ye Rujuvedhuravani\r\nNammaalante Kashtam Kadhaa Naayanaa\r\nAakainaa Allaadadhe Choodayyaa, Aa\r\nNuvu Raakunte Gaalaadadhe Kannayyaa\r\n\r\nThalli Pegu Choodu Elaa Thalladillipoyenayyaa\r\nKallu Moosi Eto Vellipokayyaa, Aa Aa\r\nNannu Kanna Thandri Ilaa Raavayyaa\r\nKadupulone Undaka… Ee Pudamikelaa Vasthivayyaa\r\nSankanetthukunnantha Sepu Levayyaa, Aa Aa\r\nInthalone Emayyaavo Seppayyaa\r\n\r\nRaakaasi Cheekatilo… Ye Keedu Thaakindho\r\nEkaakivai Poyaavaa Chandrayyaa\r\nKallerraa Chesi Reyini Choodayyaa, AaAa\r\nThellaari Sooreedalle Raavayyaa", "MusicLabel": null, "Upload": "images/Lyrics/Thalli_Pegu.jpg", "YouTube": null}}, {"model": "Lyrics.lyrics", "pk": 5, "fields": {"SongName": "Vennello Aadapilla", "Movie": 3, "Actor": 3, "Singer": 7, "MovieDirector": 3, "MusicDirector": 4, "Language": 1, "Lyrics": "Anaganaga andhamaina kathaga\r\nModhalaina ee manase\r\nNuvvu leka jathaga\r\nUndaneedhu telusa\r\nIkapaina ee madhine\r\nNimishamaina nenu nenuga lene\r\nKaduguthunte kalalennenno\r\nNinnaloni ninnu vadili raalene\r\nTharumuthunte oohalu enno\r\nVennello aadapille thana\r\nEe cheekatai migalana o…\r\nVennello aadapille thana\r\nEe cheekatai migalana o…\r\n \r\nSmarinchukona spurinchukona\r\nAanaati oosule oho…\r\nTarinchipona nuvvu taluchukunna\r\nPolaithe maarena oho…\r\nCheli neetho dooram aa thaara theeram\r\nThadhemundhe unna andhadhu kasthaina\r\nVennello aadapille thana\r\nEe cheekatai migalana o...\r\nVennello aadapille thana\r\nEe cheekatai migalana o…", "MusicLabel": "Aditya Music", "Upload": "images/Lyrics/Vennello_Aadapilla.jpg", "YouTube": 4}}, {"model": "Lyrics.lyrics", "pk": 6, "fields": {"SongName": "Kanabadava Kanabadava", "Movie": 4, "Actor": 4, "Singer": 8, "MovieDirector": 4, "MusicDirector": 5, "Language": 1, "Lyrics": "Velipothondi Praname\r\n\r\nKanabaduthondi Shunyame\r\n\r\nVadhileluthondi Gayame…Kanneti Gnapakame\r\n\r\n\r\nVelivesindi Kaalme…Uri Teesindi Premane\r\n\r\nMusiresindi Mouname…Ontarinai Migilaane\r\n\r\nKanapadava Kanapadava\r\n\r\nKanneerai Migilelathava\r\n\r\nChirunavvai Edurochhi…Chithiloki Nedathava\r\n\r\nKanapadava Kanapadava\r\n\r\nShithilam Chesi Pothava\r\n\r\nGundenu Kose Katha Nuvvai\r\n\r\nKada Dhaaka Vasthava", "MusicLabel": "Aditya Music", "Upload": "images/Lyrics/Kanabadava_Kanabadava.jpg", "YouTube": 5}}, {"model": "Lyrics.lyrics", "pk": 7, "fields": {"SongName": "Shuru Karo", "Movie": 3, "Actor": 3, "Singer": 9, "MovieDirector": 3, "MusicDirector": 4, "Language": 1, "Lyrics": "Helo Mic Testing 1 2 3\r\n\r\nPlease Listen To My Story\r\n\r\n \r\nShuru Karo Shuru Karo\r\n\r\nGuruji Story\r\n\r\nNee Kathemito Baadhemito\r\n\r\nCheppey O Saari…Start Music\r\n\r\nAha…hey …ohhoo\r\n\r\nDay Emito Reymito…Thelvani Sawaari\r\n\r\nInni Rangulelaa Choosindhiro\r\n\r\nBholo Atthiri, Hey\r\n\r\nSo Happy Life Ye Saafigundedhe\r\n\r\nCoffeeTho Kalise Sofi alaa…Aahaa\r\n\r\nMusic Ye Praanam Antu Aa Vela\r\n\r\nMagica Modale Love Feel Ye Sufi laa\r\n\r\nMaestro Maestro\r\n\r\nI’m A Maestro\r\n\r\n \r\nLovely Life Ye\r\n\r\nPrathi Roju Lover Tho\r\n\r\nMaestro Maestro\r\n\r\nI’m A Maestro\r\n\r\nJolly Life Ye\r\n\r\nJaabilli Flower Tho\r\n\r\nShuru Karo Shuru Karo Guruji Story\r\n\r\nNee Kathemito Baadhemito\r\n\r\nCheppey O Saari\r\n\r\nDay Emito Reymito…Thelvani Sawaari\r\n\r\nInni Rangulelaa Choosindhiro\r\n\r\nBholo Atthiri\r\n\r\nPeppygaa Sxxygaa\r\n\r\nUndedhayyo Naa Tune u\r\n\r\nOkadochhi Gimme Show\r\n\r\nAnte Tempteyyaanu\r\n\r\nAha…hey …ohhoo\r\n\r\nBig Shot Biwi Ke\r\n\r\nBirthday Gift Naa Planu\r\n\r\nVellaanu Time Ke\r\n\r\nFullugaa Booke Ayyaanu Aeyy\r\n\r\nAdhi Wife Aa Vaammo\r\n\r\nKaane Kaadhantaanu\r\n\r\nPeekalne Tenche Nife Ye Betterantaa\r\n\r\nGlamourne Posi\r\n\r\n\r\nChesina Granidey\r\n\r\nLadylaa Maari\r\n\r\nVasthondhi Naa Sidey\r\n\r\nMaestro Maestro\r\n\r\nI’m A Maestro\r\n\r\nLife Show mari\r\n\r\nModalaiyye Killer Show\r\n\r\nMaestro Maestro\r\n\r\nI’m A Maestro\r\n\r\nHappy Story\r\n\r\nAyyindi Horror Show\r\n\r\nNext-Emito Restemito Chepey O Saaru\r\n\r\nHigh Tension Lo Padesilaa\r\n\r\nChampaku Masteru\r\n\r\nProducer O Director O\r\n\r\nPhone Ye Cheshaaru\r\n\r\nAa Twistemito Hotstar Lo\r\n\r\nChseymannaaru", "MusicLabel": "Aditya Music", "Upload": "images/Lyrics/Shuru_Karo.jpg", "YouTube": 6}}, {"model": "Lyrics.lyrics", "pk": 8, "fields": {"SongName": "Lalala", "Movie": 3, "Actor": 3, "Singer": 10, "MovieDirector": 3, "MusicDirector": 4, "Language": 1, "Lyrics": "Lallaallaa Llaala Lallaallaa Llaala LaLlaLlaaLlaa\r\nLallaallaa Llaala Lallaallaa Llaala LaLlaLlaaLlaa\r\n\r\nHeart-Emo Kottukundhi Godaki\r\nVelaaduthunna Gadiyaaramlaa\r\nPulse-Emo Peruguthunte Speedugaa\r\nParigetthe Mind Ye Rail Engine Laa\r\n\r\nHide And Seek Aadindhe… Ee Luckku Ivvaala\r\nNalla Addhaala Chaate\r\nDoubtedho Cherindhe… Kidney Lo Rallalaa\r\nMallee Thellaaruthunte\r\n\r\n \r\n\r\nLaa LaLLa LaLLaLLaa… SilenceU Vente\r\nLaa LaLLa LaLLaLLaa, Heyy… Laa LaLLa LaLLaLLaa\r\nViolence Jante… Laa LaLLa LaLLaLLaa\r\n\r\nSologunna Paate… GroupU Songayyindhaa\r\nLife Ye Marketlona Velampaatayyindhaa\r\nVesukunna Mask-Ye Riskullo Nettindhaa\r\nChoopuleni Kannu Ganne Guripettindhaa\r\n\r\nPrathivaadu Bullette… Edhutodu Targette\r\nGaalam Vesthunna Paisaa Raa Rammante\r\nKoredhi Profitte… Vethikedhi Short Cut Ye\r\nKaalam Tamashaa Choosthu Aade Aate\r\n\r\nLaa LaLLa LaLLaLLaa… SilenceU Vente\r\nLaa LaLLa LaLLaLLaa, Heyy… Laa LaLLa LaLLaLLaa\r\nViolence Jante… Laa LaLLa LaLLaLLaa", "MusicLabel": "Aditya Music", "Upload": "images/Lyrics/LalalaLalala.jpg", "YouTube": 7}}, {"model": "Lyrics.lyrics", "pk": 9, "fields": {"SongName": "Baby Oh Baby", "Movie": 3, "Actor": 3, "Singer": 2, "MovieDirector": 3, "MusicDirector": 4, "Language": 1, "Lyrics": "Anthuleni Kallalokilaa\r\n\r\nAndhamochhi Dukithe Ela\r\n\r\nManasuki Leni Thondara\r\n\r\nModalika Mella Mellga\r\n\r\nEm Cheshano Neelo Ani Adige Lope\r\n\r\nMaimarichano Emo Ani Badhulichhinde\r\n\r\nEe Vinthalo Maikamlo Ganthulu Vesinde\r\n\r\nNaa Gundeki Chebuthava Naa Maate Vinada\r\n\r\nNee Valle…Oh Baby Oh Baby\r\n\r\nChinna Navve Chaale Chukkale\r\n\r\nBaby Oh Baby\r\n\r\n\r\n \r\nChooputhone Take My Breath Away\r\n\r\nBaby Oh Baby\r\n\r\nMuddhugane Mante Pettave\r\n\r\nBaby Oh Baby\r\n\r\nLike A Rainbow Range Nimpave\r\n\r\nPoddhunne Lesthune Neetho Kale Raakunte\r\n\r\nAaratanga Vastha Speed Dial Laa\r\n\r\nUnnattundi Nuvvu Naatho Kaluddhama Antuntune\r\n\r\nLife-ey Ponge Champagne Bottle Laa\r\n\r\nNaa Oohallo Nuvvu Tega Thirigesthunte\r\n\r\nAlvatemo Naaku Ani Manasandhukundhe\r\n\r\nGamaninchavo Ledho Gadikokasaraina\r\n\r\nNuvvu Guruthe Rakunda\r\n\r\nGadavadhu Katha Inka Nijangaa\r\n\r\n\r\n \r\nOh Baby Oh Baby\r\n\r\nChinna Navve Chaale Chukkale\r\n\r\nBaby Oh Baby\r\n\r\nChooputhone Take My Breath Away\r\n\r\nBaby Oh Baby\r\n\r\nMuddhugane Mante Pettave\r\n\r\nBaby Oh Baby\r\n\r\nLike A Rainbow Range Nimpave\r\n\r\nChethilo Cheyyesi Neetho Paate Rammante\r\n\r\nKalle Moosi Follow Ayupona\r\n\r\nRojuko Reason Tho Nee Chuttu Cheralantu\r\n\r\nCrazy Hares Going Dhivana\r\n\r\nPremisthe Ee Maikam Mamulani Vinna\r\n\r\nEdhuraina Sandeham Saradha Paduthunna\r\n\r\nMerupalle Ee Lokam Parichayamai Ninna\r\n\r\nNanu Thikamaka Peduthunte Thabadipothunna\r\n\r\nNijanga\r\n\r\nOh Baby Oh Baby\r\n\r\nChinna Navve Chaale Chukkale\r\n\r\nBaby Oh Baby\r\n\r\nChooputhone Take My Breath Away\r\n\r\nBaby Oh Baby", "MusicLabel": "Aditya Music", "Upload": "images/Lyrics/Baby_Oh_Baby.jfif", "YouTube": 8}}, {"model": "Lyrics.lyrics", "pk": 10, "fields": {"SongName": "Leharaayi", "Movie": 5, "Actor": 5, "Singer": 1, "MovieDirector": 5, "MusicDirector": 6, "Language": 1, "Lyrics": "Leharaayi…leharaayi\r\n\r\nLe le lele\r\n\r\nLeharaayi leharaayi\r\n\r\nGunde vechhanayye…oohalegiraayi\r\n\r\nLeharaayi leharaayi\r\n\r\nGoruvechhanaina…oosuladhiraayi\r\n\r\nInninaallu entha entha vechaayi\r\n\r\nKallalone daagi unna ammaayi\r\n\r\nSonthamalle cherukunte\r\n\r\n\r\n \r\nPraanamantha cheppaleni haayee…oo\r\n\r\nLeharaayi leharaayi\r\n\r\nGunde vechhanayye oohalegiraayi\r\n\r\nLeharaayi leharaayi\r\n\r\nGoruvechhanaina oosuladhiraayi\r\n\r\nRojoo chekkilitho siggula thaguvaaye\r\n\r\nRojaa pedavulatho muddhula godavaaye\r\n\r\nOntagadhilo mantalannee\r\n\r\nOntiloke omputhunte\r\n\r\nMari ninnaa monnaa ontigaa unnaa eede nede leharaayi\r\n\r\nLeharaayi leharaayi\r\n\r\nGunde vechhanayye oohalegiraayi\r\n\r\nLeharaayi leharaayi\r\n\r\nGoruvechhanaina oosuladhiraayi\r\n\r\n\r\n \r\nVelaapaalalale mariche sarasaale\r\n\r\nThedhi vaaraale cheripe cherasaale\r\n\r\nChanuvu koncham penchukuntu\r\n\r\nThanuvu baruvu panchukuntu\r\n\r\nManalokam maikam ekam avuthu ekaanthaale leharaayi\r\n\r\nLeharaayi leharaayi\r\n\r\nGunde vechhanayye oohalegiraayi\r\n\r\nLeharaayi leharaayi\r\n\r\nGoruvechhanaina oosuladhiraayi\r\n\r\nInninaallu entha entha vechaayi\r\n\r\nKallalone daagi unna ammaayi\r\n\r\nSonthamalle cherukunte\r\n\r\nPraanamantha cheppaleni haayee", "MusicLabel": "Aditya Music", "Upload": "images/Lyrics/Leharaayi.jfif", "YouTube": 9}}, {"model": "Lyrics.lyrics", "pk": 11, "fields": {"SongName": "Bekhayali", "Movie": 6, "Actor": 6, "Singer": 11, "MovieDirector": 6, "MusicDirector": 7, "Language": 2, "Lyrics": "Bekhayali mein bhi tera hi khayal aaye\r\nKyun bichadna hai zaruri, yeh sawal aaye\r\nTeri nazdeekiyon ki khushi behisaab thi\r\nHisse mein faasle bhi tere bemisaal aaye\r\n\r\nMain jo tumse door hoon\r\nKyun door main rahun\r\nTera gurur hoon\r\nAa tu fasla mita\r\nTu khwaab sa mila\r\nKyun khwaab tod doon\r\n\r\nBekhayali mein bhi tera hi khayal aaye\r\nKyun judayi de gaya tu, yeh sawal aaye\r\n\r\n\r\n\r\nThoda sa main khafa ho gaya apne aap se\r\nThoda sa tujhpe bhi bewajah hi malaal aaye\r\nHai yeh tadpan, hai yeh uljhan\r\nKaise jee loon bina tere\r\nMeri ab sabse hai an-ban\r\nBante kyun yeh khuda mere\r\n\r\nJo log-baag hain, jungle ki aag hain\r\nKyun aag mein jaloon\r\nYeh nakaam pyar mein\r\nKhush hain yeh haar mein\r\nInn jaisa kyun banun\r\n\r\nRaatein dengi bata\r\n\r\n\r\nNeedon mein teri hi baat hai\r\nBhoolun kaise tujhe\r\nTu to khayalon mein sath hai\r\nBekhayali mein bhi tera hi khayal aaye\r\nKyun bichadna hai zaruri yeh sawal aaye\r\n\r\nNazar ke aage har ik manzar\r\nReit ki tarah bikhar raha hai\r\nDard tumhara badan mein mere\r\nZehar ki tarah utar raha hai x (2)\r\n\r\nAa zmaane aazama le roothta nahi\r\nFaaslon se hausla yeh toot’ta nahi\r\nNa hai woh bewafa aur na main hoon bewafa\r\nWoh meri aadaton ki tarah chhoot’ta nahi", "MusicLabel": "T-Series", "Upload": "images/Lyrics/Bekhayali.jfif", "YouTube": 3}}]